"player_id";"last_known_name";"last_known_tag";"affiliation";"server";"enemy";"date_last_known";"discord";"city";"discord_server";"last_city";"last_seen_by";"enemy_updated";"updated_by";"history";"additional";"player_image"
"10337709";"Scorpions615";"Phak [ex-W_st]";"Phak / AK_ACADEMY / PH FAMILY";"17";"NAP";"22/05/22";"Not on Discord";;;;;;"02/05/2022 00:00:00";"W_st - Westlind / FLAG ALLIANCE OR ENGLISH SPEAKING / WITHOUT DATA ON ALLIES OR FAMILY";;"https://i.ibb.co/gm9c3x5/no-image-icon-10.png"
"10368657";"Slawio";"Phak";"SNOWSTORM / FRIENDS: DS,VF17, ALL PH / FAMILY: ALL P2 AND SNOW [*** CAUTION, POTENTIAL SPY ***]";"17";"NAP";"22/05/22";"Not on Discord";;;;;;"27/05/2022 00:00:00";" - Slawio - Phak - PHAK / PH FAMILY - - FILLER ALLIANCE FOR PHAK ALLIANCE - - / PHAK-EA /";"P2W AND PW FAMILY TO CONSIDER AS POTENTIAL ENEMY / SPY -- *** RELATIONSHIP WITH VF/VN ***--";"https://i.ibb.co/gm9c3x5/no-image-icon-10.png"
"10417698";"FireZx2";"PhAK";"PHAK / PH FAMILY - - FILLER ALLIANCE FOR PHAK ALLIANCE - - / PHAK-EA /";"17";"NAP";"22/05/22";"Not on Discord";;;;;;"01/05/2022 00:00:00";;"NO PRIOR DATA BEFORE THIS UPDATE";"https://i.ibb.co/gm9c3x5/no-image-icon-10.png"
"10418274";"FireZx4";"PhAK";"PHAK / PH FAMILY - - FILLER ALLIANCE FOR PHAK ALLIANCE - - / PHAK-EA /";"17";"NAP";"22/05/22";"Not on Discord";;;;;;"01/05/2022 00:00:00";;"NO PRIOR DATA BEFORE THIS UPDATE";"https://i.ibb.co/gm9c3x5/no-image-icon-10.png"
"10419106";"FireZx6";"PhAK";"PHAK / PH FAMILY - - FILLER ALLIANCE FOR PHAK ALLIANCE - - / PHAK-EA /";"17";"NAP";"22/05/22";"Not on Discord";;;;;;"01/05/2022 00:00:00";;"NO PRIOR DATA BEFORE THIS UPDATE";"https://i.ibb.co/gm9c3x5/no-image-icon-10.png"
"10420322";"FireZx10";"PhAK";"PHAK / PH FAMILY - - FILLER ALLIANCE FOR PHAK ALLIANCE - - / PHAK-EA /";"17";"NAP";"22/05/22";"Not on Discord";;;;;;"01/05/2022 00:00:00";;"NO PRIOR DATA BEFORE THIS UPDATE";"https://i.ibb.co/gm9c3x5/no-image-icon-10.png"
"10420706";"FireZx11";"PhAK";"PHAK / PH FAMILY - - FILLER ALLIANCE FOR PHAK ALLIANCE - - / PHAK-EA /";"17";"NAP";"22/05/22";"Not on Discord";;;;;;"01/05/2022 00:00:00";;"NO PRIOR DATA BEFORE THIS UPDATE";"https://i.ibb.co/gm9c3x5/no-image-icon-10.png"
"10424034";"FireZx13";"PhAK";"PHAK / PH FAMILY - - FILLER ALLIANCE FOR PHAK ALLIANCE - - / PHAK-EA /";"17";"NAP";"22/05/22";"Not on Discord";;;;;;"01/05/2022 00:00:00";;"NO PRIOR DATA BEFORE THIS UPDATE";"https://i.ibb.co/gm9c3x5/no-image-icon-10.png"
"10424802";"FireZx14";"PhAK";"PHAK / PH FAMILY - - FILLER ALLIANCE FOR PHAK ALLIANCE - - / PHAK-EA /";"17";"NAP";"22/05/22";"Not on Discord";;;;;;"01/05/2022 00:00:00";;"NO PRIOR DATA BEFORE THIS UPDATE";"https://i.ibb.co/gm9c3x5/no-image-icon-10.png"
"10425698";"FireZx15";"PhAK";"PHAK / PH FAMILY - - FILLER ALLIANCE FOR PHAK ALLIANCE - - / PHAK-EA /";"17";"NAP";"22/05/22";"Not on Discord";;;;;;"01/05/2022 00:00:00";;"NO PRIOR DATA BEFORE THIS UPDATE";"https://i.ibb.co/gm9c3x5/no-image-icon-10.png"
"10426658";"FireZx18";"PhAK";"PHAK / PH FAMILY - - FILLER ALLIANCE FOR PHAK ALLIANCE - - / PHAK-EA /";"17";"NAP";"22/05/22";"Not on Discord";;;;;;"01/05/2022 00:00:00";;"NO PRIOR DATA BEFORE THIS UPDATE";"https://i.ibb.co/gm9c3x5/no-image-icon-10.png"
"10678620";"BOr";"Phak [ex-OMC]";"ArmiaKrajowa /AK_ACADEMY / PH FAMILY";"17";"NAP";"22/05/22";"Not on Discord";;;;;;"02/05/2022 00:00:00";"OMC - ArmiaKrajowa / THERE IS NO DATA ON ALLIES OR FAMILY / IT IS SUSPECTED TO BE A SvAK BUILDING ALLIANCE OR HER SECOND ALLIANCE.";;"https://i.ibb.co/gm9c3x5/no-image-icon-10.png"
"11013244";"womerJr.";"PHaK";"PHAK / PH FAMILY - - FILLER ALLIANCE FOR PHAK ALLIANCE - - / PHAK-EA /";"17";"NAP";"22/05/22";"Not on Discord";;;;;;"30/04/2022 00:00:00";;"NO PRIOR DATA BEFORE THIS UPDATE";"https://i.ibb.co/gm9c3x5/no-image-icon-10.png"
"11170416";"Dowodca89";"Phak [ex-OMC]";"ArmiaKrajowa /AK_ACADEMY / PH FAMILY";"17";"NAP";"22/05/22";"Not on Discord";;;;;;"02/05/2022 00:00:00";"OMC - ArmiaKrajowa / THERE IS NO DATA ON ALLIES OR FAMILY / IT IS SUSPECTED TO BE A SvAK BUILDING ALLIANCE OR HER SECOND ALLIANCE.";;"https://i.ibb.co/gm9c3x5/no-image-icon-10.png"
"11246593";"MalyJacek";"Phak [ex-OMC]";"ArmiaKrajowa /AK_ACADEMY / PH FAMILY";"17";"NAP";"22/05/22";"Not on Discord";;;;;;"02/05/2022 00:00:00";"OMC - ArmiaKrajowa / THERE IS NO DATA ON ALLIES OR FAMILY / IT IS SUSPECTED TO BE A SvAK BUILDING ALLIANCE OR HER SECOND ALLIANCE.";;"https://i.ibb.co/gm9c3x5/no-image-icon-10.png"
"11506935";"JacoMiedzPL";"Phak [ex-OMC]";"ArmiaKrajowa /AK_ACADEMY / PH FAMILY";"17";"NAP";"22/05/22";"Not on Discord";;;;;;"02/05/2022 00:00:00";"OMC - ArmiaKrajowa / THERE IS NO DATA ON ALLIES OR FAMILY / IT IS SUSPECTED TO BE A SvAK BUILDING ALLIANCE OR HER SECOND ALLIANCE.";;"https://i.ibb.co/gm9c3x5/no-image-icon-10.png"
"11611068";"sbbor";"phak";"PHAK / PH FAMILY - - FILLER ALLIANCE FOR PHAK ALLIANCE - - / PHAK-EA /";"17";"NAP";"22/05/22";"Not on Discord";;;;;;"30/04/2022 00:00:00";;"NO PRIOR DATA BEFORE THIS UPDATE";"https://i.ibb.co/gm9c3x5/no-image-icon-10.png"
"11677905";"SLAWKO";"PhaK [R4]";"PHAK / PH FAMILY - - FILLER ALLIANCE FOR PHAK ALLIANCE - - / PHAK-EA /";"17";"NAP";"22/05/22";"Not on Discord";;;;;;"02/05/2022 00:00:00";;"NO PRIOR DATA BEFORE THIS UPDATE";"https://i.ibb.co/gm9c3x5/no-image-icon-10.png"
"11785657";"Cherrypiethree";"PHaK";"PHAK / PH FAMILY - - FILLER ALLIANCE FOR PHAK ALLIANCE - - / PHAK-EA /";"17";"NAP";"22/05/22";"Not on Discord";;;;;;"30/04/2022 00:00:00";;"NO PRIOR DATA BEFORE THIS UPDATE";"https://i.ibb.co/gm9c3x5/no-image-icon-10.png"
"11794425";"Cherrypieseven";"PHaK";"PHAK / PH FAMILY - - FILLER ALLIANCE FOR PHAK ALLIANCE - - / PHAK-EA /";"17";"NAP";"22/05/22";"Not on Discord";;;;;;"30/04/2022 00:00:00";;"NO PRIOR DATA BEFORE THIS UPDATE";"https://i.ibb.co/gm9c3x5/no-image-icon-10.png"
"11794745";"Cherrypienine";"PHaK";"PHAK / PH FAMILY - - FILLER ALLIANCE FOR PHAK ALLIANCE - - / PHAK-EA /";"17";"NAP";"22/05/22";"Not on Discord";;;;;;"30/04/2022 00:00:00";;"NO PRIOR DATA BEFORE THIS UPDATE";"https://i.ibb.co/gm9c3x5/no-image-icon-10.png"
"11795321";"Cherrypieeleven";"PhAK";"PHAK / PH FAMILY - - FILLER ALLIANCE FOR PHAK ALLIANCE - - / PHAK-EA /";"17";"NAP";"22/05/22";"Not on Discord";;;;;;"01/05/2022 00:00:00";;"NO PRIOR DATA BEFORE THIS UPDATE";"https://i.ibb.co/gm9c3x5/no-image-icon-10.png"
"12137700";"8SØ";"phak [R5]";"PHAK / PH FAMILY - - FILLER ALLIANCE FOR PHAK ALLIANCE - - / PHAK-EA /";"17";"NAP";"22/05/22";"Not on Discord";;;;;;"30/04/2022 00:00:00";;"NO PRIOR DATA BEFORE THIS UPDATE";"https://i.ibb.co/gm9c3x5/no-image-icon-10.png"
"12230529";"MlodyJacek";"Phak [ex-OMC]";"ArmiaKrajowa /AK_ACADEMY / PH FAMILY";"17";"NAP";"22/05/22";"Not on Discord";;;;;;"02/05/2022 00:00:00";"OMC - ArmiaKrajowa / THERE IS NO DATA ON ALLIES OR FAMILY / IT IS SUSPECTED TO BE A SvAK BUILDING ALLIANCE OR HER SECOND ALLIANCE.";;"https://i.ibb.co/gm9c3x5/no-image-icon-10.png"
"12291432";"Durruti_Column";"PHAK [exWD/L /OMC]";"ArmiaKrajowa / PH FAMILY /";"17";"NAP";"22/05/22";"Not on Discord";;;;;;"02/05/2022 00:00:00";"WD/L [ex-OMC] - LEGION / WD,SV COALITION / ALLIES:WD FAMILY, AAA, SVWO, Ashy / SMALL ALLIANCE WITHOUT PREVIOUS DATA ABOUT ITS PLAYERS";"CHANGE HIS NAME TO ""BIW_Durruti""";"https://i.ibb.co/gm9c3x5/no-image-icon-10.png"
"12309376";"Tommio3";"Phak";"PHAK / PH FAMILY - - FILLER ALLIANCE FOR PHAK ALLIANCE - - / PHAK-EA /";"17";"NAP";"22/05/22";"Not on Discord";;;;;;"02/05/2022 00:00:00";;"NO PRIOR DATA BEFORE THIS UPDATE";"https://i.ibb.co/gm9c3x5/no-image-icon-10.png"
"14079200";"szogi83pl";"Phak [ex-OMC]";"ArmiaKrajowa /AK_ACADEMY / PH FAMILY";"17";"NAP";"22/05/22";"Not on Discord";;;;;;"02/05/2022 00:00:00";"OMC - ArmiaKrajowa / THERE IS NO DATA ON ALLIES OR FAMILY / IT IS SUSPECTED TO BE A SvAK BUILDING ALLIANCE OR HER SECOND ALLIANCE.";;"https://i.ibb.co/gm9c3x5/no-image-icon-10.png"
"14519249";"Jamto";"Phak";"PHAK / PH FAMILY - - FILLER ALLIANCE FOR PHAK ALLIANCE - - / PHAK-EA /";"17";"NAP";"22/05/22";"Not on Discord";;;;;;"02/05/2022 00:00:00";;"NO PRIOR DATA BEFORE THIS UPDATE";"https://i.ibb.co/gm9c3x5/no-image-icon-10.png"
"14649471";"Sejmos_ek";"Phak [ex-SvAK]";"ArmiaKrajowa /AK_ACADEMY / PH FAMILY";"17";"NAP";"22/05/22";"Not on Discord";;;;;;"02/05/2022 00:00:00";"SvAK - ArmiaKrajowa / NO DATA ON ALLIES OR FAMILY / OMC IS YOUR POSSIBLE BUILDING ALLIANCE OR SECOND ALLIANCE.";;"https://i.ibb.co/gm9c3x5/no-image-icon-10.png"
"14652223";"_ACES_JUNIOR_";"phak [R4]";"PHAK / PH FAMILY - - FILLER ALLIANCE FOR PHAK ALLIANCE - - / PHAK-EA /";"17";"NAP";"22/05/22";"Not on Discord";;;;;;"30/04/2022 00:00:00";;"NO PRIOR DATA BEFORE THIS UPDATE";"https://i.ibb.co/gm9c3x5/no-image-icon-10.png"
"14658006";"Turan3";"Phak [ex-SvAK]";"ArmiaKrajowa /AK_ACADEMY / PH FAMILY";"17";"NAP";"22/05/22";"Not on Discord";;;;;;"02/05/2022 00:00:00";"SvAK - ArmiaKrajowa / NO DATA ON ALLIES OR FAMILY / OMC IS YOUR POSSIBLE BUILDING ALLIANCE OR SECOND ALLIANCE.";;"https://i.ibb.co/gm9c3x5/no-image-icon-10.png"
"14658152";"Kamil_007";"Phak [ex-SvAK]";"ArmiaKrajowa /AK_ACADEMY / PH FAMILY";"17";"NAP";"22/05/22";"Not on Discord";;;;;;"02/05/2022 00:00:00";"SvAK - ArmiaKrajowa / NO DATA ON ALLIES OR FAMILY / OMC IS YOUR POSSIBLE BUILDING ALLIANCE OR SECOND ALLIANCE.";;"https://i.ibb.co/gm9c3x5/no-image-icon-10.png"
"14682397";"Alkoholik_1";"Phak [ex-SvAK]";"ArmiaKrajowa /AK_ACADEMY / PH FAMILY";"17";"NAP";"22/05/22";"Not on Discord";;;;;;"02/05/2022 00:00:00";"SvAK - ArmiaKrajowa / NO DATA ON ALLIES OR FAMILY / OMC IS YOUR POSSIBLE BUILDING ALLIANCE OR SECOND ALLIANCE.";;"https://i.ibb.co/gm9c3x5/no-image-icon-10.png"
"14695788";"Danny___PL";"Phak [ex-SvAK]";"ArmiaKrajowa /AK_ACADEMY / PH FAMILY";"17";"NAP";"22/05/22";"Not on Discord";;;;;;"02/05/2022 00:00:00";"SvAK - ArmiaKrajowa / NO DATA ON ALLIES OR FAMILY / OMC IS YOUR POSSIBLE BUILDING ALLIANCE OR SECOND ALLIANCE.";;"https://i.ibb.co/gm9c3x5/no-image-icon-10.png"
"14865407";"_ACES_Jr._";"phak [ex-OP-5] [R4]";"phak- WDEA /";"17";"NAP";"22/05/22";"Not on Discord";;;;;;"30/04/2022 00:00:00";"OP-5 - HELHEIM / OP FAMILY ALLIANCE";;"https://i.ibb.co/gm9c3x5/no-image-icon-10.png"
"14948037";"Wilderness54";"PHAK";"PHAK / PH FAMILY - -";"17";"NAP";"22/05/22";"Not on Discord";;;;;;"03/05/2022 00:00:00";"ACCOUNT BELONGING TO BIW-SuprPo1rbear [ID 12888069]";"ACCOUNT BELONGING TO BIW-SuprPo1rbear [ID 12888069]";"https://i.ibb.co/gm9c3x5/no-image-icon-10.png"
"15244407";"Subkopenhaga";"PHak [R5]";"doubtful";"17";"NAP";"22/05/22";"Not on Discord";;;;;;"02/05/2022 00:00:00";;;"https://i.ibb.co/gm9c3x5/no-image-icon-10.png"
"15396071";"JB22";"PhAK [R5]";"PHAK / PH FAMILY - - FILLER ALLIANCE FOR PHAK ALLIANCE - - / PHAK-EA /";"17";"NAP";"22/05/22";"Not on Discord";;;;;;"01/05/2022 00:00:00";;"NO PRIOR DATA BEFORE THIS UPDATE";"https://i.ibb.co/gm9c3x5/no-image-icon-10.png"
"15424354";"FireZx12";"PhAK";"PHAK / PH FAMILY - - FILLER ALLIANCE FOR PHAK ALLIANCE - - / PHAK-EA /";"17";"NAP";"22/05/22";"Not on Discord";;;;;;"01/05/2022 00:00:00";;"NO PRIOR DATA BEFORE THIS UPDATE";"https://i.ibb.co/gm9c3x5/no-image-icon-10.png"
"15435235";"bzzzzz";"Phak";"PHAK / PH FAMILY - - FILLER ALLIANCE FOR PHAK ALLIANCE - - / PHAK-EA /";"17";"NAP";"22/05/22";"Not on Discord";;;;;;"02/05/2022 00:00:00";;"NO PRIOR DATA BEFORE THIS UPDATE";"https://i.ibb.co/gm9c3x5/no-image-icon-10.png"
"15437687";"Ogin5757";"PHAk [R5]";"PHAK / PH FAMILY - - FILLER ALLIANCE FOR PHAK ALLIANCE - - / PHAK-EA /";"17";"NAP";"22/05/22";"Not on Discord";;;;;;"02/05/2022 00:00:00";;"NO PRIOR DATA BEFORE THIS UPDATE";"https://i.ibb.co/gm9c3x5/no-image-icon-10.png"
"15438572";"%ak%_LesiuGdaaa";"Phak [ex-6GG]";"ArmiaKrajowa /AK_ACADEMY / PH FAMILY";"17";"NAP";"22/05/22";"Not on Discord";;;;;;"02/05/2022 00:00:00";"6GG - POLISH SPEAKING OR FLAG ALLIANCE / SVAK FAMILY";;"https://i.ibb.co/gm9c3x5/no-image-icon-10.png"
"15474165";"MarianoPL";"Phak";"PHAK / PH FAMILY - - FILLER ALLIANCE FOR PHAK ALLIANCE - - / PHAK-EA /";"17";"NAP";"22/05/22";"Not on Discord";;;;;;"02/05/2022 00:00:00";;"NO PRIOR DATA BEFORE THIS UPDATE";"https://i.ibb.co/gm9c3x5/no-image-icon-10.png"
"15492765";"Wikus1929.ZST";"Phak";"PHAK / PH FAMILY - - FILLER ALLIANCE FOR PHAK ALLIANCE - - / PHAK-EA /";"17";"NAP";"22/05/22";"Not on Discord";;;;;;"02/05/2022 00:00:00";;"NO PRIOR DATA BEFORE THIS UPDATE";"https://i.ibb.co/gm9c3x5/no-image-icon-10.png"
"15510463";"Rafael_85";"Phak";"PHAK / PH FAMILY - - FILLER ALLIANCE FOR PHAK ALLIANCE - - / PHAK-EA /";"17";"NAP";"22/05/22";"Not on Discord";;;;;;"02/05/2022 00:00:00";;"NO PRIOR DATA BEFORE THIS UPDATE";"https://i.ibb.co/gm9c3x5/no-image-icon-10.png"
"15522781";"Gagamel89bau1";"phak";"PHAK / PH FAMILY - - FILLER ALLIANCE FOR PHAK ALLIANCE - - / PHAK-EA /";"17";"NAP";"22/05/22";"Not on Discord";;;;;;"30/04/2022 00:00:00";;"NO PRIOR DATA BEFORE THIS UPDATE";"https://i.ibb.co/gm9c3x5/no-image-icon-10.png"
"16503373";"Yayami_Omate";"Phak";"PHAK / PH FAMILY - - FILLER ALLIANCE FOR PHAK ALLIANCE - - / PHAK-EA /";"17";"NAP";"22/05/22";"Not on Discord";;;;;;"02/05/2022 00:00:00";;"NO PRIOR DATA BEFORE THIS UPDATE";"https://i.ibb.co/gm9c3x5/no-image-icon-10.png"
"16891769";"Mr.CherryJr.";"PHaK";"PHAK / PH FAMILY - - FILLER ALLIANCE FOR PHAK ALLIANCE - - / PHAK-EA /";"17";"NAP";"22/05/22";"Not on Discord";;;;;;"30/04/2022 00:00:00";;"NO PRIOR DATA BEFORE THIS UPDATE";"https://i.ibb.co/gm9c3x5/no-image-icon-10.png"
"16908392";"Bonus_ek";"PHaK";"PHAK / PH FAMILY - - FILLER ALLIANCE FOR PHAK ALLIANCE - - / PHAK-EA /";"17";"NAP";"22/05/22";"Not on Discord";;;;;;"30/04/2022 00:00:00";;"NO PRIOR DATA BEFORE THIS UPDATE";"https://i.ibb.co/gm9c3x5/no-image-icon-10.png"
"17106016";"Busz3kH4z3";"PHaK";"PHAK / PH FAMILY - - FILLER ALLIANCE FOR PHAK ALLIANCE - - / PHAK-EA /";"17";"NAP";"22/05/22";"Not on Discord";;;;;;"30/04/2022 00:00:00";;"NO PRIOR DATA BEFORE THIS UPDATE";"https://i.ibb.co/gm9c3x5/no-image-icon-10.png"
"17354025";"RezkinPL";"Phak";"PHAK / PH FAMILY - - FILLER ALLIANCE FOR PHAK ALLIANCE - - / PHAK-EA /";"17";"NAP";"22/05/22";"Not on Discord";;;;;;"02/05/2022 00:00:00";;"NO PRIOR DATA BEFORE THIS UPDATE";"https://i.ibb.co/gm9c3x5/no-image-icon-10.png"
"17372430";"Pipek__21";"Phak";"PHAK / PH FAMILY - - FILLER ALLIANCE FOR PHAK ALLIANCE - - / PHAK-EA /";"17";"NAP";"22/05/22";"Not on Discord";;;;;;"02/05/2022 00:00:00";;"NO PRIOR DATA BEFORE THIS UPDATE";"https://i.ibb.co/gm9c3x5/no-image-icon-10.png"
"17397205";"Siwy_11";"Phak";"PHAK / PH FAMILY - - FILLER ALLIANCE FOR PHAK ALLIANCE - - / PHAK-EA /";"17";"NAP";"22/05/22";"Not on Discord";;;;;;"02/05/2022 00:00:00";;"NO PRIOR DATA BEFORE THIS UPDATE";"https://i.ibb.co/gm9c3x5/no-image-icon-10.png"
"17422259";"Commander17422259";"Phak";"PHAK / PH FAMILY - - FILLER ALLIANCE FOR PHAK ALLIANCE - - / PHAK-EA /";"17";"NAP";"22/05/22";"Not on Discord";;;;;;"01/05/2022 00:00:00";;"NO PRIOR DATA BEFORE THIS UPDATE";"https://i.ibb.co/gm9c3x5/no-image-icon-10.png"
"17460543";"rogalezy";"Phak";"PHAK / PH FAMILY - - FILLER ALLIANCE FOR PHAK ALLIANCE - - / PHAK-EA /";"17";"NAP";"22/05/22";"Not on Discord";;;;;;"02/05/2022 00:00:00";;"NO PRIOR DATA BEFORE THIS UPDATE";"https://i.ibb.co/gm9c3x5/no-image-icon-10.png"
"17476465";"KAMILOS69";"Phak";"PHAK / PH FAMILY - - FILLER ALLIANCE FOR PHAK ALLIANCE - - / PHAK-EA /";"17";"NAP";"22/05/22";"Not on Discord";;;;;;"02/05/2022 00:00:00";;"NO PRIOR DATA BEFORE THIS UPDATE";"https://i.ibb.co/gm9c3x5/no-image-icon-10.png"
"17499906";"OGQueen";"Phak";"PHAK / PH FAMILY - - FILLER ALLIANCE FOR PHAK ALLIANCE - - / PHAK-EA /";"17";"NAP";"22/05/22";"Not on Discord";;;;;;"02/05/2022 00:00:00";;"NO PRIOR DATA BEFORE THIS UPDATE";"https://i.ibb.co/gm9c3x5/no-image-icon-10.png"
"17502927";"Yenn.";"PHaK";"PHAK / PH FAMILY - - FILLER ALLIANCE FOR PHAK ALLIANCE - - / PHAK-EA /";"17";"NAP";"22/05/22";"Not on Discord";;;;;;"30/04/2022 00:00:00";;"NO PRIOR DATA BEFORE THIS UPDATE";"https://i.ibb.co/gm9c3x5/no-image-icon-10.png"
"17528620";"Lesiu_Jr_ak";"PHaK";"PHAK / PH FAMILY - - FILLER ALLIANCE FOR PHAK ALLIANCE - - / PHAK-EA /";"17";"NAP";"22/05/22";"Not on Discord";;;;;;"30/04/2022 00:00:00";;"NO PRIOR DATA BEFORE THIS UPDATE";"https://i.ibb.co/gm9c3x5/no-image-icon-10.png"
"17731449";"Budyn1982";"Phak";"PHAK / PH FAMILY - - FILLER ALLIANCE FOR PHAK ALLIANCE - - / PHAK-EA /";"17";"NAP";"22/05/22";"Not on Discord";;;;;;"02/05/2022 00:00:00";;"NO PRIOR DATA BEFORE THIS UPDATE";"https://i.ibb.co/gm9c3x5/no-image-icon-10.png"
"17891822";"oligames1";"Phak";"PHAK / PH FAMILY - - FILLER ALLIANCE FOR PHAK ALLIANCE - - / PHAK-EA /";"17";"NAP";"22/05/22";"Not on Discord";;;;;;"02/05/2022 00:00:00";;"NO PRIOR DATA BEFORE THIS UPDATE";"https://i.ibb.co/gm9c3x5/no-image-icon-10.png"
"17921773";"Mariustiger78";"Phak";"PHAK / PH FAMILY - - FILLER ALLIANCE FOR PHAK ALLIANCE - - / PHAK-EA /";"17";"NAP";"22/05/22";"Not on Discord";;;;;;"02/05/2022 00:00:00";;"NO PRIOR DATA BEFORE THIS UPDATE";"https://i.ibb.co/gm9c3x5/no-image-icon-10.png"
"18032638";"woitmaly";"PHaK [R5]";"PHAK / PH FAMILY - - FILLER ALLIANCE FOR PHAK ALLIANCE - - / PHAK-EA /";"17";"NAP";"22/05/22";"Not on Discord";;;;;;"30/04/2022 00:00:00";;"NO PRIOR DATA BEFORE THIS UPDATE";"https://i.ibb.co/gm9c3x5/no-image-icon-10.png"
"5350978";"Zuberek";"PHAK";"ArmiaKraowa / FAMILY: PH FAMILY";"17";"NAP";"22/05/22";"Not on Discord";;;;;;"30/04/2022 00:00:00";"PHAK - ";"NO PRIOR DATA BEFORE THIS UPDATE";"https://i.ibb.co/gm9c3x5/no-image-icon-10.png"
"5367629";"GROM-wotekwy#AK";"PHAK";"ArmiaKrajowa / PH FAMILY / NO PRIOR DATA BEFORE THIS UPDATE";"17";"NAP";"22/05/22";"Not on Discord";;;;;;"10/05/2022 00:00:00";"*** ATTENTION *** NOTIFIED MUSC-minimie [ID 7674973], GAVE ITS CONFORMITY AND RESPONDS FOR THEM.-";"*** ATTENTION *** NOTIFIED MUSC-minimie [ID 7674973], GAVE ITS CONFORMITY AND RESPONDS FOR THEM.-";"https://i.ibb.co/gm9c3x5/no-image-icon-10.png"
"5368039";"Pasquda";"PHAK";"ArmiaKraowa / FAMILY: PH FAMILY";"17";"NAP";"13/6/2022 @ ";"Pasquda#2757";;"PHAK / Armia Krajowa -AK-";;;;"30/04/2022 00:00:00";"PHAK - ";"NO PRIOR DATA BEFORE THIS UPDATE";"https://i.ibb.co/gm9c3x5/no-image-icon-10.png"
"5375569";"husarz303";"PHAK [ex-SVWO]";"ArmiaKrajowa / PH FAMILY /";"17";"NAP";"22/05/22";"Not on Discord";"Riga Arms Minister";;;;;"01/05/2022 00:00:00";"GROMhusarz303-AK - PHAK / R3 - PHAK - PH Family / PH Family Coalition - Allies";"CHANGE HIS NAME TO ""GROMhusarz303-AK""";"https://i.ibb.co/gm9c3x5/no-image-icon-10.png"
"5383912";"marney~AK~";"PHAK";"ArmiaKraowa / FAMILY: PH FAMILY";"17";"NAP";"22/05/22";"Not on Discord";;;;;;"30/04/2022 00:00:00";"PHAK - ";"NO PRIOR DATA BEFORE THIS UPDATE";"https://i.ibb.co/gm9c3x5/no-image-icon-10.png"
"5432089";"Korwin-Mikke";"PHAK [ex-AK69]";"ArmiaKrajowa / PH FAMILY /";"17";"NAP";"22/05/22";"Not on Discord";;;;;;"09/05/2022 00:00:00";"PHAK [ex-AK69] - ArmiaKrajowa / PH FAMILY / ALLIES: AAA, BE4R";;"https://i.ibb.co/gm9c3x5/no-image-icon-10.png"
"5436097";"WilecAKPL#GROM";"PHAK";"ArmiaKrajowa / PH FAMILY / NO PRIOR DATA BEFORE THIS UPDATE";"17";"NAP";"22/05/22";"Not on Discord";;;;;;"10/05/2022 00:00:00";"*** ATTENTION *** NOTIFIED MUSC-minimie [ID 7674973], GAVE ITS CONFORMITY AND RESPONDS FOR THEM.-";"*** ATTENTION *** NOTIFIED MUSC-minimie [ID 7674973], GAVE ITS CONFORMITY AND RESPONDS FOR THEM.-";"https://i.ibb.co/gm9c3x5/no-image-icon-10.png"
"5438241";"izolka";"PHAK [ex-AK69]";"ArmiaKrajowa / PH FAMILY / ";"17";"NAP";"22/05/22";"Not on Discord";;;;;;"30/04/2022 00:00:00";"izolka&AK-GROM - PHaK - PHAK / PH FAMILY - - FILLER ALLIANCE FOR PHAK ALLIANCE - - / PHAK-EA /";"NO PRIOR DATA BEFORE THIS UPDATE";"https://i.ibb.co/gm9c3x5/no-image-icon-10.png"
"5449587";"LatamNaSpidzieAK";"PHAK";"ArmiaKrajowa / PH FAMILY / NO PRIOR DATA BEFORE THIS UPDATE";"17";"NAP";"22/05/22";"Not on Discord";;;;;;"10/05/2022 00:00:00";"*** ATTENTION *** NOTIFIED MUSC-minimie [ID 7674973], GAVE ITS CONFORMITY AND RESPONDS FOR THEM.-";"*** ATTENTION *** NOTIFIED MUSC-minimie [ID 7674973], GAVE ITS CONFORMITY AND RESPONDS FOR THEM.-";"https://i.ibb.co/gm9c3x5/no-image-icon-10.png"
"5455518";"RafSlav#AK";"PHAK";"ArmiaKraowa / FAMILY: PH FAMILY";"17";"NAP";"22/05/22";"Not on Discord";;;;;;"30/04/2022 00:00:00";;"NO PRIOR DATA BEFORE THIS UPDATE";"https://i.ibb.co/gm9c3x5/no-image-icon-10.png"
"5494357";"tisurion-AK";"PHAK";"ArmiaKraowa / FAMILY: PH FAMILY";"17";"NAP";"22/05/22";"Not on Discord";"Gdansk Arms Minister";;;;;"30/04/2022 00:00:00";;"NO PRIOR DATA BEFORE THIS UPDATE";"https://i.ibb.co/gm9c3x5/no-image-icon-10.png"
"5662194";"Rafixxx_AK_ATSU";"PHAK";"ArmiaKrajowa / PH FAMILY / NO PRIOR DATA BEFORE THIS UPDATE";"17";"NAP";"22/05/22";"Not on Discord";;;;;;"10/05/2022 00:00:00";"*** ATTENTION *** NOTIFIED MUSC-minimie [ID 7674973], GAVE ITS CONFORMITY AND RESPONDS FOR THEM.-";"*** ATTENTION *** NOTIFIED MUSC-minimie [ID 7674973], GAVE ITS CONFORMITY AND RESPONDS FOR THEM.-";"https://i.ibb.co/gm9c3x5/no-image-icon-10.png"
"5748468";"Hegrat-AK";"PHAK";"ArmiaKraowa / FAMILY: PH FAMILY";"17";"NAP";"22/05/22";"Not on Discord";"Krakow Defense Minister";;;;;"30/04/2022 00:00:00";;"NO PRIOR DATA BEFORE THIS UPDATE";"https://i.ibb.co/gm9c3x5/no-image-icon-10.png"
"7582662";"Prowl";"PHAK [ex-~DS~/SN99 /SYN/OPAS]";"ArmiaKrajowa / PH FAMILY /";"17";"NAP";"18/6/2022 @ 21:54:55";"Prowl#1925";;"PHSY";;;;"09/05/2022 00:00";"~DS~ [ex-SN99 /SYN/OPAS] - HitSquad / PH FAMILY /";;"https://media.giphy.com/media/im1xKpjEwdQuk/giphy.gif"
"7626962";"Izanamy";"PHAK [ex-WDEA/OPEA]";"ArmiaKraowa / FAMILY: PH FAMILY";"17";"NAP";"22/05/22";"Not on Discord";"Stalingrad Vice Resource Minister";;;;;"02/05/2022 00:00:00";"PHAK / R2 - PHAK - PH Family / PH Family Coalition - Allies";;"https://i.ibb.co/gm9c3x5/no-image-icon-10.png"
"7628954";"géo";"PHAK [ex-WDEA/OPEA]";"ArmiaKrajowa / PH FAMILY /";"17";"NAP";"22/05/22";"Not on Discord";;;;;;"09/05/2022 00:00:00";"WDEA [ex-OPEA] - European_Army / FAMILY: WD FAMILY / FORMER OPEA FAMILY, ex OPDE";;"https://i.ibb.co/gm9c3x5/no-image-icon-10.png"
"7632561";"fighting";"PHAK [ex-SVS2]";"ArmiaKrajowa / PH FAMILY /";"17";"NAP";"22/05/22";"Not on Discord";"Bristol Vice Building Minister";;;;;"01/06/2022 00:00:00";"VN_HP - PHAK / R3 - PHAK - PH Family / PH Family Coalition - Allies";"CHANGE HIS NAME TO ""VN_HP""";"https://i.ibb.co/gm9c3x5/no-image-icon-10.png"
"7632967";"Taranas";"PHAK [ex-WDEA/OPEA]";"ArmiaKraowa / FAMILY: PH FAMILY";"17";"NAP";"18/6/2022 @ ";"Taranas#5060";"Brussels Vice Arms Minister";"PHAK / EA";;;;"09/05/2022 00:00:00";"MUSC-Tarananas - PHAK / R2 - PHAK - PH Family / PH Family Coalition - Allies";;"https://i.ibb.co/gm9c3x5/no-image-icon-10.png"
"7636834";"Carlito72";"PHAK [ex-WDEA/OPEA]";"ArmiaKraowa / FAMILY: PH FAMILY";"17";"NAP";"22/05/22";"Not on Discord";"Warsaw Defense Minister";;;;;"02/05/2022 00:00:00";"PHAK / R2 - PHAK - PH Family / PH Family Coalition - Allies";;"https://i.ibb.co/gm9c3x5/no-image-icon-10.png"
"7646773";"Notoryoso";"PHAK";"ArmiaKrajowa / PH FAMILY / NO PRIOR DATA BEFORE THIS UPDATE";"17";"NAP";"22/05/22";"Not on Discord";;;;;;"10/05/2022 00:00:00";"*** ATTENTION *** NOTIFIED MUSC-minimie [ID 7674973], GAVE ITS CONFORMITY AND RESPONDS FOR THEM.-";"*** ATTENTION *** NOTIFIED MUSC-minimie [ID 7674973], GAVE ITS CONFORMITY AND RESPONDS FOR THEM.-";"https://i.ibb.co/gm9c3x5/no-image-icon-10.png"
"7651889";"Ferocan";"PHAK [ex-PZK]";"ArmiaKrajowa / PH FAMILY /";"17";"NAP";"22/05/22";"Not on Discord";;;;;;"09/05/2022 00:00:00";"PHAK [ex-PZK] - Panzerkette / ALLIES: AAA / GERMAN SPEAKING OR FLAG ALLIANCE";;"https://i.ibb.co/gm9c3x5/no-image-icon-10.png"
"7652653";"jok3rkill";"Phak";"PHAK / PH FAMILY - - FILLER ALLIANCE FOR PHAK ALLIANCE - - / PHAK-EA /";"17";"NAP";"22/05/22";"Not on Discord";;;;;;"02/05/2022 00:00:00";;"NO PRIOR DATA BEFORE THIS UPDATE";"https://i.ibb.co/gm9c3x5/no-image-icon-10.png"
"7659085";"Gregpewpew";"Phak";"PHAK / PH FAMILY - - FILLER ALLIANCE FOR PHAK ALLIANCE - - / PHAK-EA /";"17";"NAP";"22/05/22";"Not on Discord";;;;;;"02/05/2022 00:00:00";;"NO PRIOR DATA BEFORE THIS UPDATE";"https://i.ibb.co/gm9c3x5/no-image-icon-10.png"
"7659301";"cosca";"PHAK [ex-OMC]";"ArmiaKrajowa / PH FAMILY /";"17";"NAP";"22/05/22";"Not on Discord";;;;;;"09/05/2022 00:00:00";"PHAK [ex-OMC] - ArmiaKrajowa / PH FAMILY / ALLIES: AAA, BE4R";;"https://i.ibb.co/gm9c3x5/no-image-icon-10.png"
"7662928";"Brain7662928";"Phak [ex-OMC]";"ArmiaKrajowa /AK_ACADEMY / PH FAMILY";"17";"NAP";"22/05/22";"Not on Discord";;;;;;"02/05/2022 00:00:00";"OMC - ArmiaKrajowa / THERE IS NO DATA ON ALLIES OR FAMILY / IT IS SUSPECTED TO BE A SvAK BUILDING ALLIANCE OR HER SECOND ALLIANCE.";;"https://i.ibb.co/gm9c3x5/no-image-icon-10.png"
"7665659";"Leszcz";"Phak [ex-OMC]";"ArmiaKrajowa /AK_ACADEMY / PH FAMILY";"17";"NAP";"22/05/22";"Not on Discord";;;;;;"02/05/2022 00:00:00";"OMC - ArmiaKrajowa / THERE IS NO DATA ON ALLIES OR FAMILY / IT IS SUSPECTED TO BE A SvAK BUILDING ALLIANCE OR HER SECOND ALLIANCE.";;"https://i.ibb.co/gm9c3x5/no-image-icon-10.png"
"7674218";"Westerplatte504";"Phak [ex-OMC]";"ArmiaKrajowa /AK_ACADEMY / PH FAMILY";"17";"NAP";"22/05/22";"Not on Discord";;;;;;"02/05/2022 00:00:00";"OMC - ArmiaKrajowa / THERE IS NO DATA ON ALLIES OR FAMILY / IT IS SUSPECTED TO BE A SvAK BUILDING ALLIANCE OR HER SECOND ALLIANCE.";;"https://i.ibb.co/gm9c3x5/no-image-icon-10.png"
"7674538";"Gniezno1";"Phak [ex-OMC]";"ArmiaKrajowa /AK_ACADEMY / PH FAMILY";"17";"NAP";"22/05/22";"Not on Discord";;;;;;"02/05/2022 00:00:00";"OMC - ArmiaKrajowa / THERE IS NO DATA ON ALLIES OR FAMILY / IT IS SUSPECTED TO BE A SvAK BUILDING ALLIANCE OR HER SECOND ALLIANCE.";;"https://i.ibb.co/gm9c3x5/no-image-icon-10.png"
"7674973";"minimie";"PHAK [ex-WDEA/OPEA][R4]";"A-TEAM / [FAMILY] PH-BE4R-PHAK [ALLIES] BERX-AAA1-AAA5-AAA6-AAA7-ASHY-#WAR";"17";"NAP";"18/6/2022 @ ";"minimie ✌#0896";"Bristol Supreme Commander";"PHAK / EA";"Krakow";;;"02/06/2022 00:00:00";"MUSC-minimie - PHAK / R4 - PHAK - PH Family / PH Family Coalition - Allies - minimie - PHAK [ex-WDEA/OPEA][R4] - ArmiaKrajowa / PH FAMILY /";"CHANGE HIS NAME TO ""xminimiex""";"https://media.giphy.com/media/JWH857oECO0rC/giphy.gif"
"7676381";"Gagamel89";"PHAK";"ArmiaKraowa / FAMILY: PH FAMILY";"17";"NAP";"25/05/22";"Not on Discord";;;;;"Dekes";"30/04/2022 00:00:00";"DIENEMUTTER - VFT8 - Viet-Friendly / FAMILY: ALL VF - Gagamel89 - PHAK - ArmiaKrajowa / PH FAMILY ";"CHANGE HIS NAME TO ""(MUSC)Gagamel89""";"https://i.ibb.co/gm9c3x5/no-image-icon-10.png"
"7676829";"Krzysq";"Phak [ex-OMC]";"ArmiaKrajowa /AK_ACADEMY / PH FAMILY";"17";"NAP";"22/05/22";"Not on Discord";;;;;;"02/05/2022 00:00:00";"OMC - ArmiaKrajowa / THERE IS NO DATA ON ALLIES OR FAMILY / IT IS SUSPECTED TO BE A SvAK BUILDING ALLIANCE OR HER SECOND ALLIANCE.";;"https://i.ibb.co/gm9c3x5/no-image-icon-10.png"
"7677200";"Comandos000";"Phak [ex-OMC]";"ArmiaKrajowa /AK_ACADEMY / PH FAMILY";"17";"NAP";"22/05/22";"Not on Discord";;;;;;"02/05/2022 00:00:00";"OMC - ArmiaKrajowa / THERE IS NO DATA ON ALLIES OR FAMILY / IT IS SUSPECTED TO BE A SvAK BUILDING ALLIANCE OR HER SECOND ALLIANCE.";;"https://i.ibb.co/gm9c3x5/no-image-icon-10.png"
"7680093";"Baderuswolf";"PHAK [ex-WDEA/OPEA]";"ArmiaKraowa / FAMILY: PH FAMILY";"17";"NAP";"22/05/22";"Not on Discord";;;;;;"09/05/2022 00:00:00";"WDEA [ex-OPEA] - European_Army / FAMILY: WD FAMILY / FORMER OPEA FAMILY, ex OPDE";;"https://i.ibb.co/gm9c3x5/no-image-icon-10.png"
"7680097";"Pawel18147";"Phak [ex-OMC]";"ArmiaKrajowa /AK_ACADEMY / PH FAMILY";"17";"NAP";"22/05/22";"Not on Discord";;;;;;"02/05/2022 00:00:00";"OMC - ArmiaKrajowa / THERE IS NO DATA ON ALLIES OR FAMILY / IT IS SUSPECTED TO BE A SvAK BUILDING ALLIANCE OR HER SECOND ALLIANCE.";;"https://i.ibb.co/gm9c3x5/no-image-icon-10.png"
"7680262";"NYS54N";"Phak [ex-OMC]";"ArmiaKrajowa /AK_ACADEMY / PH FAMILY";"17";"NAP";"22/05/22";"Not on Discord";;;;;;"02/05/2022 00:00:00";"OMC - ArmiaKrajowa / THERE IS NO DATA ON ALLIES OR FAMILY / IT IS SUSPECTED TO BE A SvAK BUILDING ALLIANCE OR HER SECOND ALLIANCE.";;"https://i.ibb.co/gm9c3x5/no-image-icon-10.png"
"7680476";"Maciek_B";"Phak [ex-OMC][R5]";"ArmiaKrajowa /AK_ACADEMY / PH FAMILY";"17";"NAP";"22/05/22";"Not on Discord";;;;;;"02/05/2022 00:00:00";"OMC - ArmiaKrajowa / THERE IS NO DATA ON ALLIES OR FAMILY / IT IS SUSPECTED TO BE A SvAK BUILDING ALLIANCE OR HER SECOND ALLIANCE.";;"https://i.ibb.co/gm9c3x5/no-image-icon-10.png"
"7680752";"kamikazepaco";"PHAK [ex-~DS~ /WD/L /OPAS]";"ArmiaKraowa / FAMILY: PH FAMILY";"17";"NAP";"22/05/22";"Not on Discord";;;;;;"09/05/2022 00:00:00";"~DS~ [ex-WD/L /OPAS] - ";;"https://i.ibb.co/gm9c3x5/no-image-icon-10.png"
"7681245";"ZG1ER3K";"Phak [ex-OMC]";"ArmiaKrajowa /AK_ACADEMY / PH FAMILY";"17";"NAP";"22/05/22";"Not on Discord";;;;;;"02/05/2022 00:00:00";"OMC - ArmiaKrajowa / THERE IS NO DATA ON ALLIES OR FAMILY / IT IS SUSPECTED TO BE A SvAK BUILDING ALLIANCE OR HER SECOND ALLIANCE.";;"https://i.ibb.co/gm9c3x5/no-image-icon-10.png"
"7682853";"Madi323";"PHAK [ex-OMC]";"ArmiaKrajowa / PH FAMILY /";"17";"NAP";"22/05/22";"Not on Discord";;;;;;"02/05/2022 00:00:00";"PHAK [ex-OMC] - ArmiaKrajowa / PH FAMILY / ALLIES: AAA, BE4R";;"https://i.ibb.co/gm9c3x5/no-image-icon-10.png"
"7683782";"ChmuRAesko";"PHAK [ex-OMC][R4]";"ArmiaKrajowa / PH FAMILY /";"17";"NAP";"22/05/22";"Not on Discord";;;;;;"02/05/2022 00:00:00";"PHAK [ex-OMC][R4] - ArmiaKrajowa / PH FAMILY / ALLIES: AAA, BE4R";;"https://i.ibb.co/gm9c3x5/no-image-icon-10.png"
"7685810";"BWP77";"Phak [ex-OMC]";"ArmiaKrajowa /AK_ACADEMY / PH FAMILY";"17";"NAP";"22/05/22";"Not on Discord";;;;;;"02/05/2022 00:00:00";"OMC - ArmiaKrajowa / THERE IS NO DATA ON ALLIES OR FAMILY / IT IS SUSPECTED TO BE A SvAK BUILDING ALLIANCE OR HER SECOND ALLIANCE.";;"https://i.ibb.co/gm9c3x5/no-image-icon-10.png"
"7687652";"Schuminator";"PHAK [ex-WDEA/OPEA]";"ArmiaKraowa / FAMILY: PH FAMILY";"17";"NAP";"22/05/22";"Not on Discord";"Tallinn Dep Supreme Commander";;;;;"02/05/2022 00:00:00";"PHAK / R2 - PHAK - PH Family / PH Family Coalition - Allies";;"https://i.ibb.co/gm9c3x5/no-image-icon-10.png"
"7687785";"JoeASR";"PHAK [ex-WDEA/OPEA]";"ArmiaKrajowa / PH FAMILY /";"17";"NAP";"22/05/22";"Not on Discord";"Belgrade Building Minister";;;;;"01/05/2022 00:00:00";"PHAK / R3 - PHAK - PH Family / PH Family Coalition - Allies";;"https://i.ibb.co/gm9c3x5/no-image-icon-10.png"
"7688192";"Horatio_thunder";"phak [ex-WDEA/OPEA]";"PHAK / PH FAMILY";"17";"NAP";"22/05/22";"Not on Discord";;;;;;"30/04/2022 00:00:00";"WDEA [ex-OPEA] - European_Army / FAMILY: WD FAMILY / FORMER OPEA FAMILY, ex OPDE";;"https://i.ibb.co/gm9c3x5/no-image-icon-10.png"
"7690813";"Commander7690813";"Phak [ex-OMC]";"ArmiaKrajowa /AK_ACADEMY / PH FAMILY";"17";"NAP";"22/05/22";"Not on Discord";;;;;;"02/05/2022 00:00:00";"OMC - ArmiaKrajowa / THERE IS NO DATA ON ALLIES OR FAMILY / IT IS SUSPECTED TO BE A SvAK BUILDING ALLIANCE OR HER SECOND ALLIANCE.";;"https://i.ibb.co/gm9c3x5/no-image-icon-10.png"
"7691162";"~NightGhost~";"PHAK [ex-WDSY /OPAS/SYN]";"ArmiaKrajowa / PH FAMILY /";"17";"NAP";"22/05/22";"Not on Discord";;;;;;"08/05/2022 00:00:00";"WDSY [ex-OPAS/SYN] - Syndicate / FAMILY: WD FAMILY. BEFORE THEY WERE ALLIES OF VF/VN./ [COALITION OP]";;"https://i.ibb.co/gm9c3x5/no-image-icon-10.png"
"7692621";"MUSC-RAGNAROKK";"PHAK";"ArmiaKraowa / FAMILY: PH FAMILY";"17";"NAP";"22/05/22";"Not on Discord";"Warsaw Vice Arms Minister";;;;;"01/05/2022 00:00:00";;"NO PRIOR DATA BEFORE THIS UPDATE";"https://i.ibb.co/gm9c3x5/no-image-icon-10.png"
"7693371";"bliz";"PHAK [ex-SVWO]";"ArmiaKrajowa / PH FAMILY /";"17";"NAP";"22/05/22";"Not on Discord";;;;;;"08/05/2022 00:00:00";"PHAK [ex-SVWO] - ArmiaKrajowa / PH FAMILY / ALLIES: AAA, BE4R";;"https://i.ibb.co/gm9c3x5/no-image-icon-10.png"
"7693874";"Marzosemi";"Phak [ex-OMC]";"ArmiaKrajowa /AK_ACADEMY / PH FAMILY";"17";"NAP";"22/05/22";"Not on Discord";;;;;;"02/05/2022 00:00:00";"OMC - ArmiaKrajowa / THERE IS NO DATA ON ALLIES OR FAMILY / IT IS SUSPECTED TO BE A SvAK BUILDING ALLIANCE OR HER SECOND ALLIANCE.";;"https://i.ibb.co/gm9c3x5/no-image-icon-10.png"
"7695345";"ak_sid";"PHAK [ex-WD/L]";"ArmiaKrajowa / PH FAMILY /";"17";"NAP";"22/05/22";"Not on Discord";;;;;;"09/05/2022 00:00:00";"WD/L - LEGION / WD,SV COALITION / ALLIES:WD FAMILY, AAA, SVWO, Ashy / SMALL ALLIANCE WITHOUT PREVIOUS DATA ABOUT ITS PLAYERS";;"https://i.ibb.co/gm9c3x5/no-image-icon-10.png"
"7696647";"micheal13";"Phak [ex-OMC]";"ArmiaKrajowa /AK_ACADEMY / PH FAMILY";"17";"NAP";"22/05/22";"Not on Discord";;;;;;"02/05/2022 00:00:00";"OMC - ArmiaKrajowa / THERE IS NO DATA ON ALLIES OR FAMILY / IT IS SUSPECTED TO BE A SvAK BUILDING ALLIANCE OR HER SECOND ALLIANCE.";;"https://i.ibb.co/gm9c3x5/no-image-icon-10.png"
"7702152";"Volstead";"Phak [ex-OMC]";"ArmiaKrajowa /AK_ACADEMY / PH FAMILY";"17";"NAP";"22/05/22";"Not on Discord";;;;;;"02/05/2022 00:00:00";"OMC - ArmiaKrajowa / THERE IS NO DATA ON ALLIES OR FAMILY / IT IS SUSPECTED TO BE A SvAK BUILDING ALLIANCE OR HER SECOND ALLIANCE.";;"https://i.ibb.co/gm9c3x5/no-image-icon-10.png"
"7705047";"OP_KARAENG";"PHAK [ex-WDEA/OPEA][R4]";"ArmiaKrajowa /AK_ACADEMY / PH FAMILY";"17";"NAP";"22/05/22";"Not on Discord";;;;;;"13/05/2022 00:00:00";"WDEA [ex-OPEA] - European_Army / FAMILY: WD FAMILY / FORMER OPEA FAMILY, ex OPDE";;"https://i.ibb.co/gm9c3x5/no-image-icon-10.png"
"7706829";"p.najemnik";"PHAK [ex-SVWO]";"ArmiaKrajowa / PH FAMILY /";"17";"NAP";"22/05/22";"Not on Discord";;;;;;"09/05/2022 00:00:00";"SVWO - Brotherhood / FAMILY: ALL SVS / ACADEMY: SVwo";;"https://i.ibb.co/gm9c3x5/no-image-icon-10.png"
"7707413";"gabcoman";"Phak";"PHAK / PH FAMILY - - FILLER ALLIANCE FOR PHAK ALLIANCE - - / PHAK-EA /";"17";"NAP";"22/05/22";"Not on Discord";;;;;;"02/05/2022 00:00:00";;"NO PRIOR DATA BEFORE THIS UPDATE";"https://i.ibb.co/gm9c3x5/no-image-icon-10.png"
"7708114";"Godofwar79";"PHAK [ex-WDEA/OPEA]";"ArmiaKrajowa / PH FAMILY /";"17";"NAP";"22/05/22";"Not on Discord";;;;;;"09/05/2022 00:00:00";"WDEA [ex-OPEA] - European_Army / FAMILY: WD FAMILY / FORMER OPEA FAMILY, ex OPDE";;"https://i.ibb.co/gm9c3x5/no-image-icon-10.png"
"7708308";"Big_Bull";"Phak [ex-OMC]";"ArmiaKrajowa /AK_ACADEMY / PH FAMILY";"17";"NAP";"22/05/22";"Not on Discord";;;;;;"02/05/2022 00:00:00";"OMC - ArmiaKrajowa / THERE IS NO DATA ON ALLIES OR FAMILY / IT IS SUSPECTED TO BE A SvAK BUILDING ALLIANCE OR HER SECOND ALLIANCE.";;"https://i.ibb.co/gm9c3x5/no-image-icon-10.png"
"7708585";"Pitex1981";"Phak [ex-OMC]";"ArmiaKrajowa /AK_ACADEMY / PH FAMILY";"17";"NAP";"22/05/22";"Not on Discord";;;;;;"02/05/2022 00:00:00";"OMC - ArmiaKrajowa / THERE IS NO DATA ON ALLIES OR FAMILY / IT IS SUSPECTED TO BE A SvAK BUILDING ALLIANCE OR HER SECOND ALLIANCE.";;"https://i.ibb.co/gm9c3x5/no-image-icon-10.png"
"7708877";"Smirnof";"Phak [ex-OMC]";"ArmiaKrajowa /AK_ACADEMY / PH FAMILY";"17";"NAP";"22/05/22";"Not on Discord";;;;;;"02/05/2022 00:00:00";"OMC - ArmiaKrajowa / THERE IS NO DATA ON ALLIES OR FAMILY / IT IS SUSPECTED TO BE A SvAK BUILDING ALLIANCE OR HER SECOND ALLIANCE.";;"https://i.ibb.co/gm9c3x5/no-image-icon-10.png"
"7714052";"Tremko90";"Phak [ex-OMC]";"ArmiaKrajowa /AK_ACADEMY / PH FAMILY";"17";"NAP";"22/05/22";"Not on Discord";;;;;;"02/05/2022 00:00:00";"OMC - ArmiaKrajowa / THERE IS NO DATA ON ALLIES OR FAMILY / IT IS SUSPECTED TO BE A SvAK BUILDING ALLIANCE OR HER SECOND ALLIANCE.";;"https://i.ibb.co/gm9c3x5/no-image-icon-10.png"
"7723129";"Borsuk1987";"PHAK [ex-SVWO]";"ArmiaKrajowa / PH FAMILY /";"17";"NAP";"22/05/22";"Not on Discord";"Riga Vice Defense Minister";;;;;"02/05/2022 00:00:00";"GROMBorsuk1987AK - PHAK / R3 - PHAK - PH Family / PH Family Coalition - Allies";"CHANGE HIS NAME TO ""GROMBorsuk1987AK""";"https://i.ibb.co/gm9c3x5/no-image-icon-10.png"
"7726396";"Robbs";"PHAK [ex-WDEA/OPEA]";"ArmiaKraowa / FAMILY: PH FAMILY";"17";"NAP";"15/6/2022 @ ";"Robbs#4658";"Tallinn Supreme Commander";"PHAK / EA";;;;"02/05/2022 00:00:00";"[EA]Robbs - PHAK / R2 - PHAK - PH Family / PH Family Coalition - Allies";"CHANGE HIS NAME TO ""[EA]Robbs""";"https://i.ibb.co/gm9c3x5/no-image-icon-10.png"
"7728098";"Toniiche";"PHAK [ex-WDEA/OPEA]";"ArmiaKrajowa / PH FAMILY /";"17";"NAP";"22/05/22";"Not on Discord";;;;;;"09/05/2022 00:00:00";"WDEA [ex-OPEA] - European_Army / FAMILY: WD FAMILY / FORMER OPEA FAMILY, ex OPDE";;"https://i.ibb.co/gm9c3x5/no-image-icon-10.png"
"7728455";"Mscichuj_Okrutny";"PHAK [ex-SVWO]";"ArmiaKrajowa / PH FAMILY /";"17";"NAP";"22/05/22";"Not on Discord";"Gdansk Defense Minister";;;;;"01/05/2022 00:00:00";"Anachu_Yamito - PHAK / R3 - PHAK - PH Family / PH Family Coalition - Allies";"CHANGE HIS NAME TO ""Anachu_Yamito""";"https://i.ibb.co/gm9c3x5/no-image-icon-10.png"
"7734209";"Commander7734209";"phak [ex-WDEA/OPEA]";"PHAK / PH FAMILY";"17";"NAP";"22/05/22";"Not on Discord";;;;;;"30/04/2022 00:00:00";"WDEA [ex-OPEA] - European_Army / FAMILY: WD FAMILY / FORMER OPEA FAMILY, ex OPDE";;"https://i.ibb.co/gm9c3x5/no-image-icon-10.png"
"7734989";"hyper-green";"Phak [ex-OMC]";"ArmiaKrajowa /AK_ACADEMY / PH FAMILY";"17";"NAP";"22/05/22";"Not on Discord";;;;;;"02/05/2022 00:00:00";"OMC - ArmiaKrajowa / THERE IS NO DATA ON ALLIES OR FAMILY / IT IS SUSPECTED TO BE A SvAK BUILDING ALLIANCE OR HER SECOND ALLIANCE.";;"https://i.ibb.co/gm9c3x5/no-image-icon-10.png"
"7736410";"Ocron";"phak";"PHAK / PH FAMILY - - FILLER ALLIANCE FOR PHAK ALLIANCE - - / PHAK-EA /";"17";"NAP";"22/05/22";"Not on Discord";;;;;;"30/04/2022 00:00:00";;"NO PRIOR DATA BEFORE THIS UPDATE";"https://i.ibb.co/gm9c3x5/no-image-icon-10.png"
"7736623";"Bond77";"PHAK [ex-~DS~/WDSY/OPAS/SYN]";"ArmiaKraowa / FAMILY: PH FAMILY";"17";"NAP";"22/05/22";"Not on Discord";;;;;;"09/05/2022 00:00:00";"~DS~ [ex-WDSY/OPAS/SYN] - HitSquad / PH FAMILY /";;"https://i.ibb.co/gm9c3x5/no-image-icon-10.png"
"7736803";"Backclash";"phak [ex-WDEA/OPEA]";"PHAK / PH FAMILY";"17";"NAP";"22/05/22";"Not on Discord";;;;;;"30/04/2022 00:00:00";"WDEA [ex-OPEA] - European_Army / FAMILY: WD FAMILY / FORMER OPEA FAMILY, ex OPDE";;"https://i.ibb.co/gm9c3x5/no-image-icon-10.png"
"7737135";"bols92";"PHAK [ex-SVWO]";"ArmiaKrajowa / PH FAMILY /";"17";"NAP";"22/05/22";"Not on Discord";;;;;;"09/05/2022 00:00:00";"PHAK [ex-SVWO] - ArmiaKrajowa / PH FAMILY / ALLIES: AAA, BE4R";;"https://i.ibb.co/gm9c3x5/no-image-icon-10.png"
"7738047";"JadaInDaHouse";"PHAK [ex-WDEA/OPEA]";"ArmiaKraowa / FAMILY: PH FAMILY";"17";"NAP";"22/05/22";"Not on Discord";;;;;;"09/05/2022 00:00:00";"WDEA [ex-OPEA] - European_Army / FAMILY: WD FAMILY / FORMER OPEA FAMILY, ex OPDE";;"https://i.ibb.co/gm9c3x5/no-image-icon-10.png"
"7743420";"womer";"PHAK [ex-WD02]";"ArmiaKrajowa / PH FAMILY /";"17";"NAP";"22/05/22";"Not on Discord";"Krakow Resource Minister";;;;;"02/05/2022 00:00:00";"womerAK - PHAK / R3 - PHAK - PH Family / PH Family Coalition - Allies";;"https://i.ibb.co/gm9c3x5/no-image-icon-10.png"
"7744059";"Commandermaja";"phak";"PHAK / PH FAMILY - - FILLER ALLIANCE FOR PHAK ALLIANCE - - / PHAK-EA /";"17";"NAP";"22/05/22";"Not on Discord";;;;;;"30/04/2022 00:00:00";;"NO PRIOR DATA BEFORE THIS UPDATE";"https://i.ibb.co/gm9c3x5/no-image-icon-10.png"
"7745917";"CommanderJames67";"PHAK [ex-WDWw]";"ArmiaKraowa / FAMILY: PH FAMILY";"17";"NAP";"22/05/22";"Not on Discord";;;;;;"07/05/2022 00:00:00";"WDWw - WodinsWarriors / ALLIES: WDCG, WDW2, WDW3, WDTR, FWrr, PACB, 101a, 101D, ASGARD, P2W, SNOW, GOP, WDw8, WDw9";;"https://i.ibb.co/gm9c3x5/no-image-icon-10.png"
"7749076";"KotvaCZE";"Phak";"PHAK / PH FAMILY - - FILLER ALLIANCE FOR PHAK ALLIANCE - - / PHAK-EA /";"17";"NAP";"22/05/22";"Not on Discord";;;;;;"02/05/2022 00:00:00";;"NO PRIOR DATA BEFORE THIS UPDATE";"https://i.ibb.co/gm9c3x5/no-image-icon-10.png"
"7755315";"Ratelflam";"PHAK [ex-WDWw]";"ArmiaKraowa / FAMILY: PH FAMILY";"17";"NAP";"22/05/22";"Not on Discord";;;;;;"07/05/2022 00:00:00";"WDWw - WodinsWarriors / ALLIES: WDCG, WDW2, WDW3, WDTR, FWrr, PACB, 101a, 101D, ASGARD, P2W, SNOW, GOP, WDw8, WDw9";;"https://i.ibb.co/gm9c3x5/no-image-icon-10.png"
"7755881";"Ironmike69";"PHAK [ex-WDEA/OPEA]";"ArmiaKrajowa / PH FAMILY /";"17";"NAP";"22/05/22";"Not on Discord";;;;;;"09/05/2022 00:00:00";"WDEA [ex-OPEA] - European_Army / FAMILY: WD FAMILY / FORMER OPEA FAMILY, ex OPDE";;"https://i.ibb.co/gm9c3x5/no-image-icon-10.png"
"7757153";"CommandoMichal";"PHAK [ex-WDEA]";"ArmiaKrajowa / PH FAMILY /";"17";"NAP";"22/05/22";"Not on Discord";;;;;;"09/05/2022 00:00:00";"WDEA - European_Army / Family: WD FAMILY";;"https://i.ibb.co/gm9c3x5/no-image-icon-10.png"
"7757564";"Martinjiro";"Phak";"PHAK / PH FAMILY - - FILLER ALLIANCE FOR PHAK ALLIANCE - - / PHAK-EA /";"17";"NAP";"22/05/22";"Not on Discord";;;;;;"02/05/2022 00:00:00";;"NO PRIOR DATA BEFORE THIS UPDATE";"https://i.ibb.co/gm9c3x5/no-image-icon-10.png"
"7757985";"Waldgänger";"PHAK [ex-WDEA/OPEA]";"ArmiaKraowa / FAMILY: PH FAMILY";"17";"NAP";"22/05/22";"Not on Discord";"Tallinn Resource Minister";;;;;"09/05/2022 00:00:00";"MUSC_STEPPENWOLF - PHAK / R2 - PHAK - PH Family / PH Family Coalition - Allies";;"https://i.ibb.co/gm9c3x5/no-image-icon-10.png"
"7768322";"CiezkaBania";"Phak [ex-OMC][R4]";"ArmiaKrajowa /AK_ACADEMY / PH FAMILY";"17";"NAP";"22/05/22";"Not on Discord";;;;;;"02/05/2022 00:00:00";"OMC - ArmiaKrajowa / THERE IS NO DATA ON ALLIES OR FAMILY / IT IS SUSPECTED TO BE A SvAK BUILDING ALLIANCE OR HER SECOND ALLIANCE.";;"https://i.ibb.co/gm9c3x5/no-image-icon-10.png"
"7770876";"SpaceCowboy-OP";"PHAK [ex-~DS~ /WDSY/OPAS/SYN]";"A-TEAM / [FAMILY] PH-BE4R-PHAK [ALLIES] BERX-AAA1-AAA5-AAA6-AAA7-ASHY-#WAR";"17";"NAP";"22/05/22";"Not on Discord";;;;;;"02/06/2022 00:00:00";"~DS~ [ex-WDSY/OPAS/SYN] - HitSquad / PH FAMILY / - SpaceCowboy-OP - PHAK [ex-~DS~ /WDSY/OPAS/SYN] - ArmiaKrajowa / PH FAMILY /";"// [ CHANGE YOUR NAME TO ][ [SYN]SpaceCowboy ] //";"https://i.ibb.co/gm9c3x5/no-image-icon-10.png"
"7772217";"Almel0546";"PHAK [ex-I-]";"***-- CAUTION --***";"17";"NAP";"22/05/22";"Not on Discord";;;;;;"23/05/2022 00:00:00";"-I- - Irreductible / FAMILY: ASGARD, HARM / ALLIES: WD01 / NAP: PW17, P2W0, AAA - Almel0546 - PHAK [ex-I-] - ArmiaKraowa / FAMILY: PH FAMILY";;"https://i.ibb.co/gm9c3x5/no-image-icon-10.png"
"7777443";"CommanderCoopa";"PHAK [ex-~DS~ /WDSY/OPAS/SYN]";"A-TEAM / [FAMILY] PH-BE4R-PHAK [ALLIES] BERX-AAA1-AAA5-AAA6-AAA7-ASHY-#WAR";"17";"NAP";"22/05/22";"Not on Discord";;;;;;"02/06/2022 00:00:00";"~DS~ [ex-WDSY/OPAS/SYN] - HitSquad / PH FAMILY / - CommanderCoopa - PHAK [ex-~DS~ /WDSY/OPAS/SYN] - ArmiaKrajowa / PH FAMILY /";;"https://i.ibb.co/gm9c3x5/no-image-icon-10.png"
"7780097";"xPOLICEMAN1989x";"PHAK [ex-~DS~/WDSY/OPAS/SYN]";"ArmiaKrajowa / PH FAMILY /";"17";"NAP";"22/05/22";"Not on Discord";;;;;;"08/05/2022 00:00:00";"~DS~ [ex-WDSY/OPAS/SYN] - HitSquad / PH FAMILY /";;"https://i.ibb.co/gm9c3x5/no-image-icon-10.png"
"7783077";"siwy66";"Phak [ex-OMC]";"ArmiaKrajowa /AK_ACADEMY / PH FAMILY";"17";"NAP";"22/05/22";"Not on Discord";;;;;;"02/05/2022 00:00:00";"OMC - ArmiaKrajowa / THERE IS NO DATA ON ALLIES OR FAMILY / IT IS SUSPECTED TO BE A SvAK BUILDING ALLIANCE OR HER SECOND ALLIANCE.";;"https://i.ibb.co/gm9c3x5/no-image-icon-10.png"
"7784465";"MMEvents";"phak";"PHAK / PH FAMILY - - FILLER ALLIANCE FOR PHAK ALLIANCE - - / PHAK-EA /";"17";"NAP";"22/05/22";"Not on Discord";;;;;;"30/04/2022 00:00:00";;"NO PRIOR DATA BEFORE THIS UPDATE";"https://i.ibb.co/gm9c3x5/no-image-icon-10.png"
"7797075";"Bergow";"PHAK [ex-SVwo]";"ArmiaKrajowa / PH FAMILY /";"17";"NAP";"22/05/22";"Not on Discord";;;;;;"09/05/2022 00:00:00";"PHAK [ex-SVwo] - ArmiaKrajowa / PH FAMILY / ALLIES: AAA, BE4R";;"https://i.ibb.co/gm9c3x5/no-image-icon-10.png"
"7798805";"W.Archer";"PHAK [ex-WDEA/OPEA]";"ArmiaKraowa / FAMILY: PH FAMILY";"17";"NAP";"22/05/22";"Not on Discord";"Belgrade Arms Minister";;;;;"09/05/2022 00:00:00";"[BIW]W.Archer - PHAK / R2 - PHAK - PH Family / PH Family Coalition - Allies";"CHANGE HIS NAME TO ""[BIW]W.Archer""";"https://i.ibb.co/gm9c3x5/no-image-icon-10.png"
"7800067";"IggyIgorS";"Phak [ex-OMC][R4]";"ArmiaKrajowa /AK_ACADEMY / PH FAMILY";"17";"NAP";"22/05/22";"Not on Discord";;;;;;"02/05/2022 00:00:00";"OMC - ArmiaKrajowa / THERE IS NO DATA ON ALLIES OR FAMILY / IT IS SUSPECTED TO BE A SvAK BUILDING ALLIANCE OR HER SECOND ALLIANCE.";;"https://i.ibb.co/gm9c3x5/no-image-icon-10.png"
"7820416";"Grzegorz123";"Phak [ex-OMC]";"ArmiaKrajowa /AK_ACADEMY / PH FAMILY";"17";"NAP";"22/05/22";"Not on Discord";;;;;;"02/05/2022 00:00:00";"OMC - ArmiaKrajowa / THERE IS NO DATA ON ALLIES OR FAMILY / IT IS SUSPECTED TO BE A SvAK BUILDING ALLIANCE OR HER SECOND ALLIANCE.";;"https://i.ibb.co/gm9c3x5/no-image-icon-10.png"
"7820602";"Commander7820602";"PhAK";"PHAK / PH FAMILY - - FILLER ALLIANCE FOR PHAK ALLIANCE - - / PHAK-EA /";"17";"NAP";"22/05/22";"Not on Discord";;;;;;"01/05/2022 00:00:00";;"NO PRIOR DATA BEFORE THIS UPDATE";"https://i.ibb.co/gm9c3x5/no-image-icon-10.png"
"7821026";"TaK";"Phak";"PHAK / PH FAMILY - - FILLER ALLIANCE FOR PHAK ALLIANCE - - / PHAK-EA /";"17";"NAP";"22/05/22";"Not on Discord";;;;;;"02/05/2022 00:00:00";;"NO PRIOR DATA BEFORE THIS UPDATE";"https://i.ibb.co/gm9c3x5/no-image-icon-10.png"
"7827972";"Alexander__";"PHAK [ex-P2WF]";"SNOWSTORM / FRIENDS: DS,VF17, ALL PH / FAMILY: ALL P2 AND SNOW";"17";"NAP";"22/05/22";"Not on Discord";;;;;;"27/05/2022 00:00:00";"PHAK [ex-P2WF] - ArmiaKrajowa / PH FAMILY / ALLIES: AAA, BE4R - Alexander__ - PHAK [ex-P2WF] - ArmiaKrajowa / PH FAMILY /";"P2W AND PW FAMILY TO CONSIDER AS POTENTIAL ENEMY / SPY -- *** RELATIONSHIP WITH VF/VN ***--";"https://i.ibb.co/gm9c3x5/no-image-icon-10.png"
"7836712";"MUSC-CoupeFreak";"PHAK";"ArmiaKrajowa / PH FAMILY / NO PRIOR DATA BEFORE THIS UPDATE";"17";"NAP";"22/05/22";"Not on Discord";;;;;;"10/05/2022 00:00:00";"*** ATTENTION *** NOTIFIED MUSC-minimie [ID 7674973], GAVE ITS CONFORMITY AND RESPONDS FOR THEM.-";"*** ATTENTION *** NOTIFIED MUSC-minimie [ID 7674973], GAVE ITS CONFORMITY AND RESPONDS FOR THEM.-";"https://i.ibb.co/gm9c3x5/no-image-icon-10.png"
"7837058";"NapoleonPolski";"Phak [ex-OMC]";"ArmiaKrajowa /AK_ACADEMY / PH FAMILY";"17";"NAP";"22/05/22";"Not on Discord";;;;;;"02/05/2022 00:00:00";"OMC - ArmiaKrajowa / THERE IS NO DATA ON ALLIES OR FAMILY / IT IS SUSPECTED TO BE A SvAK BUILDING ALLIANCE OR HER SECOND ALLIANCE.";;"https://i.ibb.co/gm9c3x5/no-image-icon-10.png"
"7841675";"BeanToad";"PHAK [ex-~DS~/WDSY/OPAS/SYN]";"ArmiaKraowa / FAMILY: PH FAMILY";"17";"NAP";"22/05/22";"Not on Discord";;;;;;"09/05/2022 00:00:00";"~DS~ [ex-WDSY/OPAS/SYN] - HitSquad / PH FAMILY /";;"https://i.ibb.co/gm9c3x5/no-image-icon-10.png"
"7843633";"Nguyennnnnnnnnn";"PHAK [ex-SVCB]";"ArmiaKrajowa / PH FAMILY /";"17";"NAP";"22/05/22";"Not on Discord";;;;;;"09/05/2022 00:00:00";"SVCB - Chaos_Bandits / EX TMB ALLIANCE / ALLIES: SVCO, PACX, SVFM, 0902, FWWW, SVCA, SVS2, TTVBYTHEWAY12 / ENEMY: NLM1";;"https://i.ibb.co/gm9c3x5/no-image-icon-10.png"
"7844655";"~L3g3nD~";"PHAK [ex-~DS~/WDSY/S~D/VF-E/SYN]";"ArmiaKrajowa / PH FAMILY";"17";"NAP";"22/05/22";"Not on Discord";;;;;"minimie ✌";"09/05/2022 00:00:00";"~DS~ [ex-WDSY/S~D/VF-E/SYN] - HitSquad / PH FAMILY /";;"https://i.ibb.co/gm9c3x5/no-image-icon-10.png"
"7848758";"Tankista";"Phak [ex-OMC][R4]";"ArmiaKrajowa /AK_ACADEMY / PH FAMILY";"17";"NAP";"22/05/22";"Not on Discord";;;;;;"02/05/2022 00:00:00";"OMC - ArmiaKrajowa / THERE IS NO DATA ON ALLIES OR FAMILY / IT IS SUSPECTED TO BE A SvAK BUILDING ALLIANCE OR HER SECOND ALLIANCE.";;"https://i.ibb.co/gm9c3x5/no-image-icon-10.png"
"7852830";"PrivateThor";"PHAK [ex-WDEA/OPEA][R4]";"A-TEAM / [FAMILY] PH-BE4R-PHAK [ALLIES] BERX-AAA1-AAA5-AAA6-AAA7-ASHY-#WAR";"17";"NAP";"17/6/2022 @ ";"Thor#9874";"Riga Dep Supreme Commander";"PHAK / EA";;;;"02/06/2022 00:00:00";"BIW~PrivateThor - PHAK / R4 - PHAK - PH Family / PH Family Coalition - Allies - PrivateThor - PHAK [ex-WDEA/OPEA][R4] - ArmiaKrajowa / PH FAMILY /";"[ CHANGE HIS NAME TO "" Private~Thor "" ]";"https://i.ibb.co/gm9c3x5/no-image-icon-10.png"
"7854785";"No_Stop";"PHAK [ex-OP-9]";"ArmiaKrajowa / PH FAMILY";"17";"NAP";"22/05/22";"Not on Discord";;;;;;"10/05/2022 00:00:00";"OP-9 - AxisPowers / VIETNAMIAN FLAG OR SPEAKING ALLIANCE / FAMILY: ALL OP / NAP: AEV, OSP, VF-1";"*** ATTENTION *** NOTIFIED MUSC-minimie [ID 7674973], GAVE ITS CONFORMITY AND RESPONDS FOR THEM.-";"https://i.ibb.co/gm9c3x5/no-image-icon-10.png"
"7858390";"JuripZST";"Phak [ex-OMC][R4]";"ArmiaKrajowa /AK_ACADEMY / PH FAMILY";"17";"NAP";"22/05/22";"Not on Discord";;;;;;"02/05/2022 00:00:00";"OMC - ArmiaKrajowa / THERE IS NO DATA ON ALLIES OR FAMILY / IT IS SUSPECTED TO BE A SvAK BUILDING ALLIANCE OR HER SECOND ALLIANCE.";;"https://i.ibb.co/gm9c3x5/no-image-icon-10.png"
"7862019";"Ghost_Killer";"PHAK [ex-SVLZ]";"ArmiaKrajowa / PH FAMILY /";"17";"NAP";"22/05/22";"Not on Discord";;;;;;"09/05/2022 00:00:00";"SVLZ [R4] - DarkClan / NO DATA ON ALLIES OR FAMILY.";;"https://i.ibb.co/gm9c3x5/no-image-icon-10.png"
"7863942";"CommanderDellaGe";"PHAK [ex-WDEA/OPEA]";"ArmiaKrajowa / PH FAMILY /";"17";"NAP";"22/05/22";"Not on Discord";;;;;;"09/05/2022 00:00:00";"WDEA [ex-OPEA] - European_Army / FAMILY: WD FAMILY / FORMER OPEA FAMILY, ex OPDE";;"https://i.ibb.co/gm9c3x5/no-image-icon-10.png"
"7865314";"King__Ragnar";"PhAK [R4]";"PHAK / PH FAMILY - - FILLER ALLIANCE FOR PHAK ALLIANCE - - / PHAK-EA /";"17";"NAP";"22/05/22";"Not on Discord";;;;;;"01/05/2022 00:00:00";;"NO PRIOR DATA BEFORE THIS UPDATE";"https://i.ibb.co/gm9c3x5/no-image-icon-10.png"
"7869256";"zxasxxx12";"Phak";"PHAK / PH FAMILY - - FILLER ALLIANCE FOR PHAK ALLIANCE - - / PHAK-EA /";"17";"NAP";"22/05/22";"Not on Discord";;;;;;"02/05/2022 00:00:00";;"NO PRIOR DATA BEFORE THIS UPDATE";"https://i.ibb.co/gm9c3x5/no-image-icon-10.png"
"7870929";"SonOfEvil";"PHAK [ex-SVLZ]";"ArmiaKrajowa / PH FAMILY /";"17";"NAP";"22/05/22";"Not on Discord";;;;;;"09/05/2022 00:00:00";"SVLZ [R4] - DarkClan / NO DATA ON ALLIES OR FAMILY.";;"https://i.ibb.co/gm9c3x5/no-image-icon-10.png"
"7874077";"Edgar_Black";"Phak [ex-OMC]";"ArmiaKrajowa /AK_ACADEMY / PH FAMILY";"17";"NAP";"22/05/22";"Not on Discord";;;;;;"02/05/2022 00:00:00";"OMC - ArmiaKrajowa / THERE IS NO DATA ON ALLIES OR FAMILY / IT IS SUSPECTED TO BE A SvAK BUILDING ALLIANCE OR HER SECOND ALLIANCE.";;"https://i.ibb.co/gm9c3x5/no-image-icon-10.png"
"7874490";"Tygrys5Bt.Gr";"Phak [ex-OMC]";"ArmiaKrajowa /AK_ACADEMY / PH FAMILY";"17";"NAP";"22/05/22";"Not on Discord";;;;;;"02/05/2022 00:00:00";"OMC - ArmiaKrajowa / THERE IS NO DATA ON ALLIES OR FAMILY / IT IS SUSPECTED TO BE A SvAK BUILDING ALLIANCE OR HER SECOND ALLIANCE.";;"https://i.ibb.co/gm9c3x5/no-image-icon-10.png"
"7874717";"PepsiCola";"PHAK [ex-WDEA/OPEA]";"ArmiaKrajowa / PH FAMILY /";"17";"NAP";"22/05/22";"Not on Discord";;;;;;"09/05/2022 00:00:00";"WDEA [ex-OPEA] - European_Army / FAMILY: WD FAMILY / FORMER OPEA FAMILY, ex OPDE";;"https://i.ibb.co/gm9c3x5/no-image-icon-10.png"
"7875355";"Multigrain";"PHAK [ex-PHWR/WD02]";"ArmiaKraowa / FAMILY: PH FAMILY";"17";"NAP";"29/5/2022 @ ";"Multigrain#1180";;"PHWR (War Machine)";;;;"09/05/2022 00:00:00";"PHWR [ex-WD02] - WarMachine / FAMILY PH / COALITION PH";;"https://i.ibb.co/gm9c3x5/no-image-icon-10.png"
"7876367";"Finall";"phak [R4]";"PHAK / PH FAMILY - - FILLER ALLIANCE FOR PHAK ALLIANCE - - / PHAK-EA /";"17";"NAP";"22/05/22";"Not on Discord";;;;;;"30/04/2022 00:00:00";;"NO PRIOR DATA BEFORE THIS UPDATE";"https://i.ibb.co/gm9c3x5/no-image-icon-10.png"
"7884253";"[SP]~TITAN~";"PHAK [ex-WDEA/OPEA]";"ArmiaKraowa / FAMILY: PH FAMILY";"17";"NAP";"22/05/22";"Not on Discord";"Tallinn Defense Minister";;;;;"02/05/2022 00:00:00";"[MUSC]-TITAN- - PHAK / R2 - PHAK - PH Family / PH Family Coalition - Allies";"CHANGE HIS NAME TO ""[MUSC]-TITAN-""";"https://i.ibb.co/gm9c3x5/no-image-icon-10.png"
"7885218";"KKT";"Phak";"PHAK / PH FAMILY - - FILLER ALLIANCE FOR PHAK ALLIANCE - - / PHAK-EA /";"17";"NAP";"22/05/22";"Not on Discord";;;;;;"02/05/2022 00:00:00";;"NO PRIOR DATA BEFORE THIS UPDATE";"https://i.ibb.co/gm9c3x5/no-image-icon-10.png"
"7885595";"Jokowi_Laknat";"PHAK [ex-VF-O/OPEA/OPWw]";"ArmiaKrajowa / PH FAMILY /";"17";"NAP";"22/05/22";"Not on Discord";;;;;;"10/05/2022 00:00:00";"VF-O [ex-OPEA/OPWw] - OnePiece / FAMILY: PW17, TVF, ASGARD, VF17, P2Wr, VN-S / ALLIES: ALL P2/PA/SV";"*** ATTENTION *** NOTIFIED MUSC-minimie [ID 7674973], GAVE ITS CONFORMITY AND RESPONDS FOR THEM.-";"https://i.ibb.co/gm9c3x5/no-image-icon-10.png"
"7887120";"xzxn";"PHAK [ex-WD02/WD40]";"ArmiaKrajowa / PH FAMILY";"17";"NAP";"22/05/22";"Not on Discord";;;;;;"04/05/2022 00:00:00";"WD02 [ex-WD40] - WarMachine / ALLIES AND FAMILY: WD FAMILY";;"https://i.ibb.co/gm9c3x5/no-image-icon-10.png"
"7887202";"MaroPolska17";"PHaK";"PHAK / PH FAMILY - - FILLER ALLIANCE FOR PHAK ALLIANCE - - / PHAK-EA /";"17";"NAP";"22/05/22";"Not on Discord";;;;;;"30/04/2022 00:00:00";;"NO PRIOR DATA BEFORE THIS UPDATE";"https://i.ibb.co/gm9c3x5/no-image-icon-10.png"
"7890392";"Lunar_pacifist";"PHAK [ex-SVLZ]";"ArmiaKraowa / FAMILY: PH FAMILY";"17";"NAP";"22/05/22";"Not on Discord";"Riga Building Minister";;;;;"02/05/2022 00:00:00";"Lunar_dreamer*AK - PHAK / R2 - PHAK - PH Family / PH Family Coalition - Allies";"CHANGE HIS NAME TO ""Lunar_dreamer*AK""";"https://i.ibb.co/gm9c3x5/no-image-icon-10.png"
"7897055";"yasiek41";"Phak [ex-SvAK]";"ArmiaKrajowa /AK_ACADEMY / PH FAMILY";"17";"NAP";"22/05/22";"Not on Discord";;;;;;"02/05/2022 00:00:00";"SvAK - ArmiaKrajowa / NO DATA ON ALLIES OR FAMILY / OMC IS YOUR POSSIBLE BUILDING ALLIANCE OR SECOND ALLIANCE.";;"https://i.ibb.co/gm9c3x5/no-image-icon-10.png"
"7905660";"[Y]an57:)";"PHAK [ex-PW17]";"ArmiaKrajowa / PH FAMILY / [ PW17 ALLIANCE LINKED WITH VF/VN ]";"17";"NAP";"22/05/22";"Not on Discord";;;;;"minimie ✌";"09/05/2022 00:00:00";"PW17 - Pay2Winners / CONSIDER AS POTENTIAL SPIES /";"*** ATTENTION *** NOTIFIED MUSC-minimie [ID 7674973], GAVE ITS CONFORMITY AND RESPONDS FOR THEM.-";"https://i.ibb.co/gm9c3x5/no-image-icon-10.png"
"7913129";"Gidsch150983";"PHAK [ex-WDEA/OPEA]";"ArmiaKrajowa / PH FAMILY";"17";"NAP";"00/01/1900";"Gidsch150983";;"PHAK / EA";;;;"09/05/2022 00:00:00";"WDEA [ex-OPEA] - European_Army / FAMILY: WD FAMILY / FORMER OPEA FAMILY, ex OPDE";;"https://i.ibb.co/gm9c3x5/no-image-icon-10.png"
"7918828";"Ejksztympfl";"Phak [ex-OMC]";"ArmiaKrajowa /AK_ACADEMY / PH FAMILY";"17";"NAP";"22/05/22";"Not on Discord";;;;;;"02/05/2022 00:00:00";"OMC - ArmiaKrajowa / THERE IS NO DATA ON ALLIES OR FAMILY / IT IS SUSPECTED TO BE A SvAK BUILDING ALLIANCE OR HER SECOND ALLIANCE.";;"https://i.ibb.co/gm9c3x5/no-image-icon-10.png"
"7919888";"nieskalany2";"Phak [ex-OMC][R4]";"ArmiaKrajowa /AK_ACADEMY / PH FAMILY";"17";"NAP";"22/05/22";"Not on Discord";;;;;;"02/05/2022 00:00:00";"OMC - ArmiaKrajowa / THERE IS NO DATA ON ALLIES OR FAMILY / IT IS SUSPECTED TO BE A SvAK BUILDING ALLIANCE OR HER SECOND ALLIANCE.";;"https://i.ibb.co/gm9c3x5/no-image-icon-10.png"
"7921968";"schwortzi";"PHAK [ex-WDEA/OPEA]";"ArmiaKrajowa / PH FAMILY /";"17";"NAP";"22/05/22";"Not on Discord";;;;;;"09/05/2022 00:00:00";"WDEA [ex-OPEA] - European_Army / FAMILY: WD FAMILY / FORMER OPEA FAMILY, ex OPDE";;"https://i.ibb.co/gm9c3x5/no-image-icon-10.png"
"7922013";"SvAK_ICEMAN76";"PHAK [ex-SVwo]";"ArmiaKrajowa / PH FAMILY /";"17";"NAP";"22/05/22";"Not on Discord";"Gdansk Resource Minister";;;;;"02/05/2022 00:00:00";"GROM_ICEMAN76_AK - PHAK / R2 - PHAK - PH Family / PH Family Coalition - Allies";"CHANGE HIS NAME TO ""GROM_ICEMAN76_AK""";"https://i.ibb.co/gm9c3x5/no-image-icon-10.png"
"7924733";"Slepy91";"Phak [ex-PHAK/OMC]";"ArmiaKrajowa /AK_ACADEMY / PH FAMILY";"17";"NAP";"22/05/22";"Not on Discord";;;;;;"02/05/2022 00:00:00";"PHAK [ex-OMC] - ArmiaKrajowa / PH FAMILY / ALLIES: AAA, BE4R";;"https://i.ibb.co/gm9c3x5/no-image-icon-10.png"
"7926529";"Commander7926529";"phak [ex-SVCO]";"PHAK / PH FAMILY";"17";"NAP";"22/05/22";"Not on Discord";;;;;;"30/04/2022 00:00:00";"SVCO - KICKED BY INACTIVE SVUF-POSSIBLE ALTS INFILTRATED / CONFIRMED: ALTS CHAOS_ORDER";;"https://i.ibb.co/gm9c3x5/no-image-icon-10.png"
"7933325";"Jaro.Kaczynski";"PHAK [ex-SVwo]";"ArmiaKrajowa / PH FAMILY /";"17";"NAP";"22/05/22";"Not on Discord";;;;;;"09/05/2022 00:00:00";"PHAK [ex-SVwo] - ArmiaKrajowa / PH FAMILY / ALLIES: AAA, BE4R";;"https://i.ibb.co/gm9c3x5/no-image-icon-10.png"
"7936308";"VFR";"Phak [ex-OMC]";"ArmiaKrajowa /AK_ACADEMY / PH FAMILY";"17";"NAP";"22/05/22";"Not on Discord";;;;;;"02/05/2022 00:00:00";"OMC - ArmiaKrajowa / THERE IS NO DATA ON ALLIES OR FAMILY / IT IS SUSPECTED TO BE A SvAK BUILDING ALLIANCE OR HER SECOND ALLIANCE.";;"https://i.ibb.co/gm9c3x5/no-image-icon-10.png"
"7936587";"Ghoost85";"PHAK [ex-SVS1]";"ArmiaKrajowa / PH FAMILY /";"17";"NAP";"22/05/22";"Not on Discord";;;;;;"08/05/2022 00:00:00";"SVS1 - ~ONE~ / SVS TEAM / SVS SUBS: ST, ALUCARD, OMEGA";"CHANGE HIS NAME TO ""xAWxG-Host""";"https://i.ibb.co/gm9c3x5/no-image-icon-10.png"
"7936895";"Doomeye";"PHAK [ex-WDEA/OPEA]";"ArmiaKrajowa / PH FAMILY /";"17";"NAP";"22/05/22";"Not on Discord";;;;;;"09/05/2022 00:00:00";"WDEA [ex-OPEA] - European_Army / FAMILY: WD FAMILY / FORMER OPEA FAMILY, ex OPDE";;"https://i.ibb.co/gm9c3x5/no-image-icon-10.png"
"7938804";"REddiska";"PHAK [ex-~DS~/WDSY/OPAS/SYN]";"ArmiaKraowa / FAMILY: PH FAMILY";"17";"NAP";"22/05/22";"Not on Discord";;;;;;"09/05/2022 00:00:00";"~DS~ [ex-WDSY/OPAS/SYN] - HitSquad / PH FAMILY /";;"https://i.ibb.co/gm9c3x5/no-image-icon-10.png"
"7943593";"Henk_Hopjes_NL";"PHAK [ex-WDWw]";"ArmiaKraowa / FAMILY: PH FAMILY";"17";"NAP";"22/05/22";"Not on Discord";;;;;;"07/05/2022 00:00:00";"WDWw - WodinsWarriors / ALLIES: WDCG, WDW2, WDW3, WDTR, FWrr, PACB, 101a, 101D, ASGARD, P2W, SNOW, GOP, WDw8, WDw9";;"https://i.ibb.co/gm9c3x5/no-image-icon-10.png"
"7946488";"UglyDork";"Phak [ex-OMC]";"ArmiaKrajowa /AK_ACADEMY / PH FAMILY";"17";"NAP";"22/05/22";"Not on Discord";;;;;;"02/05/2022 00:00:00";"OMC - ArmiaKrajowa / THERE IS NO DATA ON ALLIES OR FAMILY / IT IS SUSPECTED TO BE A SvAK BUILDING ALLIANCE OR HER SECOND ALLIANCE.";;"https://i.ibb.co/gm9c3x5/no-image-icon-10.png"
"7949253";"Andrzejcichy_AK";"PHaK";"PHAK / PH FAMILY - - FILLER ALLIANCE FOR PHAK ALLIANCE - - / PHAK-EA /";"17";"NAP";"22/05/22";"Not on Discord";;;;;;"30/04/2022 00:00:00";;"NO PRIOR DATA BEFORE THIS UPDATE";"https://i.ibb.co/gm9c3x5/no-image-icon-10.png"
"7949923";"KILACHY";"PHAK [ex-SVPM]";"ArmiaKraowa / FAMILY: PH FAMILY";"17";"NAP";"22/05/22";"Not on Discord";;;;;;"09/05/2022 00:00:00";"SVPM - Vikings / ALLY: PAST / FAMILY: PA FAMILY / ACADEMY: FWXP, PMxx";;"https://i.ibb.co/gm9c3x5/no-image-icon-10.png"
"7950552";"Adzik1104pl";"Phak";"PHAK / PH FAMILY - - FILLER ALLIANCE FOR PHAK ALLIANCE - - / PHAK-EA /";"17";"NAP";"22/05/22";"Not on Discord";;;;;;"02/05/2022 00:00:00";;"NO PRIOR DATA BEFORE THIS UPDATE";"https://i.ibb.co/gm9c3x5/no-image-icon-10.png"
"7950862";"Kay94";"PHAK [ex-WDEA/OPEA]";"ArmiaKraowa / FAMILY: PH FAMILY";"17";"NAP";"22/05/22";"Not on Discord";;;;;;"09/05/2022 00:00:00";"WDEA [ex-OPEA] - European_Army / FAMILY: WD FAMILY / FORMER OPEA FAMILY, ex OPDE";;"https://i.ibb.co/gm9c3x5/no-image-icon-10.png"
"7952565";"CommanderAncer";"PHAK [ex-WD/L]";"ArmiaKrajowa / PH FAMILY /";"17";"NAP";"22/05/22";"Not on Discord";;;;;;"09/05/2022 00:00:00";"WD/L - LEGION / WD,SV COALITION / ALLIES:WD FAMILY, AAA, SVWO, Ashy / SMALL ALLIANCE WITHOUT PREVIOUS DATA ABOUT ITS PLAYERS";;"https://i.ibb.co/gm9c3x5/no-image-icon-10.png"
"7958181";"Commander7958181";"Phak";"PHAK / PH FAMILY - - FILLER ALLIANCE FOR PHAK ALLIANCE - - / PHAK-EA /";"17";"NAP";"22/05/22";"Not on Discord";;;;;;"02/05/2022 00:00:00";;"NO PRIOR DATA BEFORE THIS UPDATE";"https://i.ibb.co/gm9c3x5/no-image-icon-10.png"
"7960545";"Bearrr";"Phak [ex-OMC]";"ArmiaKrajowa /AK_ACADEMY / PH FAMILY";"17";"NAP";"22/05/22";"Not on Discord";;;;;;"02/05/2022 00:00:00";"OMC - ArmiaKrajowa / THERE IS NO DATA ON ALLIES OR FAMILY / IT IS SUSPECTED TO BE A SvAK BUILDING ALLIANCE OR HER SECOND ALLIANCE.";;"https://i.ibb.co/gm9c3x5/no-image-icon-10.png"
"7964149";"Luperas";"Phak";"PHAK / PH FAMILY - - FILLER ALLIANCE FOR PHAK ALLIANCE - - / PHAK-EA /";"17";"NAP";"22/05/22";"Not on Discord";;;;;;"02/05/2022 00:00:00";;"NO PRIOR DATA BEFORE THIS UPDATE";"https://i.ibb.co/gm9c3x5/no-image-icon-10.png"
"7964320";"MM5555";"PHAK [ex-WDEA/OPEA]";"ArmiaKrajowa / PH FAMILY /";"17";"NAP";"15/5/2022 @ ";"mm5555";"Plymouth Dep Supreme Commander";"PHAK / EA";;;;"02/05/2022 00:00:00";"[MUSC]MM5555 - PHAK / R2 - PHAK - PH Family / PH Family Coalition - Allies";;"https://i.ibb.co/gm9c3x5/no-image-icon-10.png"
"7967694";"Davide8";"PHAK [ex-WDEA/OPEA]";"ArmiaKrajowa / PH FAMILY /";"17";"NAP";"22/05/22";"Not on Discord";;;;;;"09/05/2022 00:00:00";"WDEA [ex-OPEA] - European_Army / FAMILY: WD FAMILY / FORMER OPEA FAMILY, ex OPDE";;"https://i.ibb.co/gm9c3x5/no-image-icon-10.png"
"7968275";"Angel-of-Dark";"PHAK [ex-WDEA/OPEA(R4)][R5]";"A-TEAM / [FAMILY] PH-BE4R-PHAK [ALLIES] BERX-AAA1-AAA5-AAA6-AAA7-ASHY-#WAR";"17";"NAP";"19/6/2022 @ 4:51:45";"AngelofDark#3555";"Brussels Supreme Commander";"PH Family";;;;"02/06/2022 00:00";"EA-Angel-of-Dark - PHAK / R5 - PHAK - PH Family / PH Family Coalition - Allies - Angel-of-Dark - PHAK [ex-WDEA/OPEA(R4)][R5] - ArmiaKraowa / FAMILY: PH FAMILY";"CHANGE HER NAME TO ""~Angel~of~Dark""";"https://media.giphy.com/media/GRuPiNFhPCgh2/giphy.gif
"
"7974585";"VN-Sugar-Babe";"PHAK [ex-VFVN/OP-1]";"A-TEAM / [FAMILY] PH-BE4R-PHAK [ALLIES] BERX-AAA1-AAA5-AAA6-AAA7-ASHY-#WAR - - - *** ATTENTION *** ACCOUNT PURCHASED BY PHAK, IS IN SAFE HANDS *** - - -";"17";"NAP";"15/6/2022 @ ";"Alkoholik_NO1#7275";;"PHAK / Armia Krajowa -AK-";;;;"02/06/2022 00:00:00";"(GROM)Alko.v2_AK - PHAK - PHAK - Bought from VF player - VN-Sugar-Babe - VN-Sugar-Babe - PHAK [ex-VFVN/OP-1] - ArmiaKrajowa/ PH FAMILY - - - *** ATTENTION *** ACCOUNT PURCHASED BY PHAK, IS IN SAFE HANDS *** - - -";"CHANGE HIS NAME TO ""(GROM)Alko.v2_AK""";"https://i.ibb.co/gm9c3x5/no-image-icon-10.png"
"7978597";"AndiWaffen";"PHAK [ex-WDEA/OPEA]";"ArmiaKraowa / FAMILY: PH FAMILY";"17";"NAP";"22/05/22";"Not on Discord";;;;;;"09/05/2022 00:00:00";"WDEA [ex-OPEA] - European_Army / FAMILY: WD FAMILY / FORMER OPEA FAMILY, ex OPDE";;"https://i.ibb.co/gm9c3x5/no-image-icon-10.png"
"7979343";"FriedrichderV";"PHAK [ex-WDEA/OPEA]";"ArmiaKraowa / FAMILY: PH FAMILY";"17";"NAP";"5/5/2022 @ 1";"Friedrich der V";"Bristol Arms Minister";"PHAK / EA";;;;"01/05/2022 00:00:00";"FriedrichderV_EA - PHAK / R3 - PHAK - PH Family / PH Family Coalition - Allies";;"https://i.ibb.co/gm9c3x5/no-image-icon-10.png"
"7980304";"Bin19032009";"PHAK [ex-PW17]";"ArmiaKrajowa / PH FAMILY /";"17";"NAP";"22/05/22";"Not on Discord";;;;;;"10/05/2022 00:00:00";"PW17 - Pay2Winners / CONSIDER AS POTENTIAL SPIES /";"*** ATTENTION *** NOTIFIED MUSC-minimie [ID 7674973], GAVE ITS CONFORMITY AND RESPONDS FOR THEM.-";"https://i.ibb.co/gm9c3x5/no-image-icon-10.png"
"7981309";"SiwyXD";"Phak [ex-OMC]";"ArmiaKrajowa /AK_ACADEMY / PH FAMILY";"17";"NAP";"22/05/22";"Not on Discord";;;;;;"02/05/2022 00:00:00";"OMC - ArmiaKrajowa / THERE IS NO DATA ON ALLIES OR FAMILY / IT IS SUSPECTED TO BE A SvAK BUILDING ALLIANCE OR HER SECOND ALLIANCE.";;"https://i.ibb.co/gm9c3x5/no-image-icon-10.png"
"7982012";"CoxxZer";"PHAK [ex-WDEA/OPEA]";"ArmiaKrajowa / PH FAMILY /";"17";"NAP";"22/05/22";"Not on Discord";"Tunis Resource Minister";;;;;"02/05/2022 00:00:00";"ATSU-CoxxZer - PHAK / R2 - PHAK - PH Family / PH Family Coalition - Allies";"CHANGE HIS NAME TO ""ATSU-CoxxZer""";"https://i.ibb.co/gm9c3x5/no-image-icon-10.png"
"7984258";"ahmmedd";"PHAK [ex-P2W]";"ArmiaKrajowa / PH FAMILY / NO PRIOR DATA BEFORE THIS UPDATE";"17";"NAP";"22/05/22";"Not on Discord";;;;;;"10/05/2022 00:00:00";"*** ATTENTION *** NOTIFIED MUSC-minimie [ID 7674973], GAVE ITS CONFORMITY AND RESPONDS FOR THEM.-";"*** ATTENTION *** NOTIFIED MUSC-minimie [ID 7674973], GAVE ITS CONFORMITY AND RESPONDS FOR THEM.-";"https://i.ibb.co/gm9c3x5/no-image-icon-10.png"
"7984856";"Commander7984856";"PhAK";"PHAK / PH FAMILY - - FILLER ALLIANCE FOR PHAK ALLIANCE - - / PHAK-EA /";"17";"NAP";"22/05/22";"Not on Discord";;;;;;"01/05/2022 00:00:00";;"NO PRIOR DATA BEFORE THIS UPDATE";"https://i.ibb.co/gm9c3x5/no-image-icon-10.png"
"7992921";"Warret";"PHAK [ex-WDEA/OPEA]";"ArmiaKraowa / FAMILY: PH FAMILY";"17";"NAP";"22/05/22";"Not on Discord";;;;;;"09/05/2022 00:00:00";"WDEA [ex-OPEA] - European_Army / FAMILY: WD FAMILY / FORMER OPEA FAMILY, ex OPDE";;"https://i.ibb.co/gm9c3x5/no-image-icon-10.png"
"8000369";"Lt-Cliffbarnes";"PHAK [ex-WDWw]";"ArmiaKraowa / FAMILY: PH FAMILY";"17";"NAP";"22/05/22";"Not on Discord";;;;;;"07/05/2022 00:00:00";"WDWw - WodinsWarriors / ALLIES: WDCG, WDW2, WDW3, WDTR, FWrr, PACB, 101a, 101D, ASGARD, P2W, SNOW, GOP, WDw8, WDw9";;"https://i.ibb.co/gm9c3x5/no-image-icon-10.png"
"8000953";"Van_Drago";"PHAK [ex-SvAK]";"ArmiaKrajowa / PH FAMILY";"17";"NAP";"22/05/22";"Not on Discord";;;;;;"09/05/2022 00:00:00";"SvAK - ArmiaKrajowa / NO DATA ON ALLIES OR FAMILY / OMC IS YOUR POSSIBLE BUILDING ALLIANCE OR SECOND ALLIANCE.";;"https://i.ibb.co/gm9c3x5/no-image-icon-10.png"
"8002514";"Gygax27";"PHAK [ex-WDEA/OPEA]";"ArmiaKrajowa / PH FAMILY /";"17";"NAP";"22/05/22";"Not on Discord";"Stalingrad Vice Building Minister";;;;;"02/05/2022 00:00:00";"ATSU-Gygax27 - PHAK / R2 - PHAK - PH Family / PH Family Coalition - Allies";"CHANGE HIS NAME TO ""ATSU-Gygax27""";"https://i.ibb.co/gm9c3x5/no-image-icon-10.png"
"8006528";"MAC67PL";"PHAK [ex-SVS2]";"~TWO~ / FAMILY: --/";"17";"NAP";"22/05/22";"Not on Discord";;;;;;"31/05/2022 00:00:00";" - MAC67PL - PHAK [ex-SVS2] - ArmiaKrajowa / PH FAMILY / ALLIES: AAA, BE4R";;"https://i.ibb.co/gm9c3x5/no-image-icon-10.png"
"8010657";"Evren&Gözde";"PHAK [ex-WDEA]";"ArmiaKrajowa / PH FAMILY /";"17";"NAP";"22/05/22";"Not on Discord";;;;;;"09/05/2022 00:00:00";"WDEA - European_Army / Family: WD FAMILY";;"https://i.ibb.co/gm9c3x5/no-image-icon-10.png"
"8013524";"Finalyser";"PHAK [ex-WDEA]";"ArmiaKrajowa / PH FAMILY /";"17";"NAP";"22/05/22";"Not on Discord";;;;;;"09/05/2022 00:00:00";"WDEA - European_Army / Family: WD FAMILY";;"https://i.ibb.co/gm9c3x5/no-image-icon-10.png"
"8013912";"donato13";"PHAK [ex-OPSA]";"ArmiaKrajowa / PH FAMILY";"17";"NAP";"22/05/22";"Not on Discord";;;;;;"09/05/2022 00:00:00";"OPSA - FIRE / FAMILY: OP / OP-1 SECONDARY ALLIANCE / ALLIES: SPO, VNDP, UN";;"https://i.ibb.co/gm9c3x5/no-image-icon-10.png"
"8016515";"Michel0312";"PHAK [ex-WDEA /OPEA]";"ArmiaKrajowa / PH FAMILY /";"17";"NAP";"22/05/22";"Not on Discord";;;;;;"09/05/2022 00:00:00";"WDEA [ex-OPEA] - European_Army / FAMILY: WD FAMILY / FORMER OPEA FAMILY, ex OPDE";;"https://i.ibb.co/gm9c3x5/no-image-icon-10.png"
"8016571";"GeneralKool";"PHAK";"ArmiaKrajowa / PH FAMILY / NO PRIOR DATA BEFORE THIS UPDATE";"17";"NAP";"22/05/22";"Not on Discord";;;;;;"10/05/2022 00:00:00";"*** ATTENTION *** NOTIFIED MUSC-minimie [ID 7674973], GAVE ITS CONFORMITY AND RESPONDS FOR THEM.-";"*** ATTENTION *** NOTIFIED MUSC-minimie [ID 7674973], GAVE ITS CONFORMITY AND RESPONDS FOR THEM.-";"https://i.ibb.co/gm9c3x5/no-image-icon-10.png"
"8026277";"Demon1968";"PHAK [ex-WDEA/OPEA]";"ArmiaKrajowa / PH FAMILY /";"17";"NAP";"22/05/22";"Not on Discord";;;;;;"09/05/2022 00:00:00";"WDEA [ex-OPEA][R4] - European_Army / FAMILY: WD FAMILY / FORMER OPEA FAMILY, ex OPDE";;"https://i.ibb.co/gm9c3x5/no-image-icon-10.png"
"8031336";"BigBamboo";"PHAK [ex-OPSA]";"ArmiaKrajowa / PH FAMILY /";"17";"NAP";"22/05/22";"Not on Discord";;;;;;"09/05/2022 00:00:00";"OPSA [R4] - FIRE / FAMILY: OP / OP-1 SECONDARY ALLIANCE / ALLIES: SPO, VNDP, UN";;"https://i.ibb.co/gm9c3x5/no-image-icon-10.png"
"8037447";"Rednas71";"PHAK [ex-WDEA/OPEA]";"ArmiaKrajowa / PH FAMILY /";"17";"NAP";"22/05/22";"Not on Discord";;;;;;"09/05/2022 00:00:00";"WDEA [ex-OPEA] - European_Army / FAMILY: WD FAMILY / FORMER OPEA FAMILY, ex OPDE";;"https://i.ibb.co/gm9c3x5/no-image-icon-10.png"
"8038500";"RainingBlood";"PHAK [ex-SVCB]";"ArmiaKrajowa / PH FAMILY /";"17";"NAP";"22/05/22";"Not on Discord";;;;;;"08/05/2022 00:00:00";"SVCB - Chaos_Bandits / EX TMB ALLIANCE / ALLIES: SVCO, PACX, SVFM, 0902, FWWW, SVCA, SVS2, TTVBYTHEWAY12 / ENEMY: NLM1";;"https://i.ibb.co/gm9c3x5/no-image-icon-10.png"
"8039690";"Cpt-Ragnar";"PHAK [ex-WDEA/OPEA]";"ArmiaKraowa / FAMILY: PH FAMILY";"17";"NAP";"11/5/2022 @ ";"ilse";"Plymouth Defense Minister";"PH 40";;;;"02/05/2022 00:00:00";"MUSC-Cpt-Ragnar - PHAK / R2 - PHAK - PH Family / PH Family Coalition - Allies";"CHANGE HIS NAME TO ""MUSC-Cpt-Ragnar""";"https://i.ibb.co/gm9c3x5/no-image-icon-10.png"
"8040375";"stranniktini";"PHAK [ex-OPSA]";"ArmiaKrajowa / PH FAMILY /";"17";"NAP";"22/05/22";"Not on Discord";;;;;;"09/05/2022 00:00:00";"OPSA [R4] - FIRE / FAMILY: OP / OP-1 SECONDARY ALLIANCE / ALLIES: SPO, VNDP, UN";;"https://i.ibb.co/gm9c3x5/no-image-icon-10.png"
"8043366";"Diabolo480";"phak [R4]";"PHAK / PH FAMILY - - FILLER ALLIANCE FOR PHAK ALLIANCE - - / PHAK-EA /";"17";"NAP";"22/05/22";"Not on Discord";;;;;;"30/04/2022 00:00:00";;"NO PRIOR DATA BEFORE THIS UPDATE";"https://i.ibb.co/gm9c3x5/no-image-icon-10.png"
"8045090";"Commander8045090";"PhAK";"PHAK / PH FAMILY - - FILLER ALLIANCE FOR PHAK ALLIANCE - - / PHAK-EA /";"17";"NAP";"22/05/22";"Not on Discord";;;;;;"01/05/2022 00:00:00";;"NO PRIOR DATA BEFORE THIS UPDATE";"https://i.ibb.co/gm9c3x5/no-image-icon-10.png"
"8047118";"Sir_Oliver";"PHAK [ex-WDEA/WDWw]";"ArmiaKraowa / FAMILY: PH FAMILY";"17";"NAP";"22/05/22";"Not on Discord";;;;;;"07/05/2022 00:00:00";"WDWw [R4] - WodinsWarriors / ALLIES: WDCG, WDW2, WDW3, WDTR, FWrr, PACB, 101a, 101D, ASGARD, P2W, SNOW, GOP, WDw8, WDw9";;"https://i.ibb.co/gm9c3x5/no-image-icon-10.png"
"8055321";"MarechalLima";"PHAK [ex-WDEA/OPEA]";"ArmiaKrajowa / PH FAMILY /";"17";"NAP";"22/05/22";"Not on Discord";;;;;;"09/05/2022 00:00:00";"WDEA [ex-OPEA] - European_Army / FAMILY: WD FAMILY / FORMER OPEA FAMILY, ex OPDE";;"https://i.ibb.co/gm9c3x5/no-image-icon-10.png"
"8057386";"Commander8057386";"PhAK";"PHAK / PH FAMILY - - FILLER ALLIANCE FOR PHAK ALLIANCE - - / PHAK-EA /";"17";"NAP";"22/05/22";"Not on Discord";;;;;;"01/05/2022 00:00:00";;"NO PRIOR DATA BEFORE THIS UPDATE";"https://i.ibb.co/gm9c3x5/no-image-icon-10.png"
"8057410";"Daro1227";"Phak";"PHAK / PH FAMILY - - FILLER ALLIANCE FOR PHAK ALLIANCE - - / PHAK-EA /";"17";"NAP";"22/05/22";"Not on Discord";;;;;;"02/05/2022 00:00:00";;"NO PRIOR DATA BEFORE THIS UPDATE";"https://i.ibb.co/gm9c3x5/no-image-icon-10.png"
"8062304";"Masterbator";"PHAK [ex-WDEA/OPEA][R4]";"ArmiaKraowa / FAMILY: PH FAMILY";"17";"NAP";"22/05/22";"Not on Discord";"Brussels Vice Defense Minister";;;;;"30/04/2022 00:00:00";"PHAK / R4 - PHAK - PH Family / PH Family Coalition - Allies";;"https://i.ibb.co/gm9c3x5/no-image-icon-10.png"
"8063114";"spokoloko";"PHAK [ex-OMC]";"ArmiaKrajowa / PH FAMILY /";"17";"NAP";"22/05/22";"Not on Discord";;;;;;"02/05/2022 00:00:00";"PHAK [ex-OMC] - ArmiaKrajowa / PH FAMILY / ALLIES: AAA, BE4R";;"https://i.ibb.co/gm9c3x5/no-image-icon-10.png"
"8068721";"VN_HP";"PHAK [ex-WDEA/OPEA]";"ArmiaKrajowa / PH FAMILY /";"17";"NAP";"22/05/22";"Not on Discord";;;;;"NaBUHodomozor";"09/05/2022 00:00:00";"WDEA [ex-OPEA][R4] - European_Army / FAMILY: WD FAMILY / FORMER OPEA FAMILY, ex OPDE";;"https://i.ibb.co/gm9c3x5/no-image-icon-10.png"
"8071283";"Commander8071283";"PhAK";"PHAK / PH FAMILY - - FILLER ALLIANCE FOR PHAK ALLIANCE - - / PHAK-EA /";"17";"NAP";"22/05/22";"Not on Discord";;;;;;"01/05/2022 00:00:00";;"NO PRIOR DATA BEFORE THIS UPDATE";"https://i.ibb.co/gm9c3x5/no-image-icon-10.png"
"8076571";"Elrickone";"Phak [ex-WD/L]";"ArmiaKrajowa /AK_ACADEMY / PH FAMILY";"17";"NAP";"22/05/22";"Not on Discord";;;;;;"02/05/2022 00:00:00";"WD/L - LEGION / WD,SV COALITION / ALLIES:WD FAMILY, AAA, SVWO, Ashy / SMALL ALLIANCE WITHOUT PREVIOUS DATA ABOUT ITS PLAYERS";;"https://i.ibb.co/gm9c3x5/no-image-icon-10.png"
"8076857";"Misiewcz";"PHAK [ex-WDEA/OPEA]";"ArmiaKraowa / FAMILY: PH FAMILY";"17";"NAP";"22/05/22";"Not on Discord";"Belgrade Dep Supreme Commander";;;;;"01/05/2022 00:00:00";"PHAK / R3 - PHAK - PH Family / PH Family Coalition - Allies";;"https://i.ibb.co/gm9c3x5/no-image-icon-10.png"
"8077642";"Fish_Sticks_";"PhAK";"PHAK / PH FAMILY - - FILLER ALLIANCE FOR PHAK ALLIANCE - - / PHAK-EA /";"17";"NAP";"22/05/22";"Not on Discord";;;;;;"01/05/2022 00:00:00";;"NO PRIOR DATA BEFORE THIS UPDATE";"https://i.ibb.co/gm9c3x5/no-image-icon-10.png"
"8078811";"Commander8078811";"PhAK";"PHAK / PH FAMILY - - FILLER ALLIANCE FOR PHAK ALLIANCE - - / PHAK-EA /";"17";"NAP";"22/05/22";"Not on Discord";;;;;;"01/05/2022 00:00:00";;"NO PRIOR DATA BEFORE THIS UPDATE";"https://i.ibb.co/gm9c3x5/no-image-icon-10.png"
"8081774";"Njp1970";"Phak [ex-OMC]";"ArmiaKrajowa /AK_ACADEMY / PH FAMILY";"17";"NAP";"22/05/22";"Not on Discord";;;;;;"02/05/2022 00:00:00";"OMC - ArmiaKrajowa / THERE IS NO DATA ON ALLIES OR FAMILY / IT IS SUSPECTED TO BE A SvAK BUILDING ALLIANCE OR HER SECOND ALLIANCE.";;"https://i.ibb.co/gm9c3x5/no-image-icon-10.png"
"8081955";"Commander8081955";"PhAK";"PHAK / PH FAMILY - - FILLER ALLIANCE FOR PHAK ALLIANCE - - / PHAK-EA /";"17";"NAP";"22/05/22";"Not on Discord";;;;;;"01/05/2022 00:00:00";;"NO PRIOR DATA BEFORE THIS UPDATE";"https://i.ibb.co/gm9c3x5/no-image-icon-10.png"
"8082984";"Floxx";"PHAK [ex-WDEA /OPEA]";"ArmiaKrajowa / PH FAMILY /";"17";"NAP";"22/05/22";"Not on Discord";;;;;;"09/05/2022 00:00:00";"WDEA [ex-OPEA] - European_Army / FAMILY: WD FAMILY / FORMER OPEA FAMILY, ex OPDE";;"https://i.ibb.co/gm9c3x5/no-image-icon-10.png"
"8085528";"Commander8085528";"PhAK";"PHAK / PH FAMILY - - FILLER ALLIANCE FOR PHAK ALLIANCE - - / PHAK-EA /";"17";"NAP";"22/05/22";"Not on Discord";;;;;;"01/05/2022 00:00:00";;"NO PRIOR DATA BEFORE THIS UPDATE";"https://i.ibb.co/gm9c3x5/no-image-icon-10.png"
"8085786";"Dragon_Fury";"Phak";"PHAK / PH FAMILY - - FILLER ALLIANCE FOR PHAK ALLIANCE - - / PHAK-EA /";"17";"NAP";"22/05/22";"Not on Discord";;;;;;"02/05/2022 00:00:00";;"NO PRIOR DATA BEFORE THIS UPDATE";"https://i.ibb.co/gm9c3x5/no-image-icon-10.png"
"8086239";"behernde";"PHAK [ex-WDEA/OPEA]";"ArmiaKrajowa / PH FAMILY /";"17";"NAP";"22/05/22";"Not on Discord";;;;;;"09/05/2022 00:00:00";"WDEA [ex-OPEA] - European_Army / FAMILY: WD FAMILY / FORMER OPEA FAMILY, ex OPDE";;"https://i.ibb.co/gm9c3x5/no-image-icon-10.png"
"8086974";"Shalashaska_1987";"PHAK [ex-WDEA/OPEA]";"ArmiaKraowa / FAMILY: PH FAMILY";"17";"NAP";"22/05/22";"Not on Discord";;;;;;"09/05/2022 00:00:00";"WDEA [ex-OPEA] - European_Army / FAMILY: WD FAMILY / FORMER OPEA FAMILY, ex OPDE";;"https://i.ibb.co/gm9c3x5/no-image-icon-10.png"
"8087167";"_ACES_";"PHAK [ex-EA13]";"ArmiaKrajowa / PH FAMILY";"17";"NAP";"22/05/22";"Not on Discord";"Brussels Vice Building Minister";;;;;"09/05/2022 00:00:00";"[MUSC]_ACES_ - PHAK / R2 - PHAK - PH Family / PH Family Coalition - Allies";;"https://i.ibb.co/gm9c3x5/no-image-icon-10.png"
"8087452";"Commander8087452";"PhAK";"PHAK / PH FAMILY - - FILLER ALLIANCE FOR PHAK ALLIANCE - - / PHAK-EA /";"17";"NAP";"22/05/22";"Not on Discord";;;;;;"01/05/2022 00:00:00";;"NO PRIOR DATA BEFORE THIS UPDATE";"https://i.ibb.co/gm9c3x5/no-image-icon-10.png"
"8089337";"Hans_walter";"Phak [ex-OMC]";"ArmiaKrajowa /AK_ACADEMY / PH FAMILY";"17";"NAP";"22/05/22";"Not on Discord";;;;;;"02/05/2022 00:00:00";"OMC - ArmiaKrajowa / THERE IS NO DATA ON ALLIES OR FAMILY / IT IS SUSPECTED TO BE A SvAK BUILDING ALLIANCE OR HER SECOND ALLIANCE.";;"https://i.ibb.co/gm9c3x5/no-image-icon-10.png"
"8091229";"Commander8091229";"PhAK";"PHAK / PH FAMILY - - FILLER ALLIANCE FOR PHAK ALLIANCE - - / PHAK-EA /";"17";"NAP";"22/05/22";"Not on Discord";;;;;;"01/05/2022 00:00:00";;"NO PRIOR DATA BEFORE THIS UPDATE";"https://i.ibb.co/gm9c3x5/no-image-icon-10.png"
"8096053";"skrap";"Phak [ex-OMC]";"ArmiaKrajowa /AK_ACADEMY / PH FAMILY";"17";"NAP";"22/05/22";"Not on Discord";;;;;;"02/05/2022 00:00:00";"OMC - ArmiaKrajowa / THERE IS NO DATA ON ALLIES OR FAMILY / IT IS SUSPECTED TO BE A SvAK BUILDING ALLIANCE OR HER SECOND ALLIANCE.";;"https://i.ibb.co/gm9c3x5/no-image-icon-10.png"
"8101261";"Kildar69";"PHAK [ex-WDEA/OPEA]";"ArmiaKrajowa / PH FAMILY /";"17";"NAP";"22/05/22";"Not on Discord";;;;;;"09/05/2022 00:00:00";"WDEA [ex-OPEA] - European_Army / FAMILY: WD FAMILY / FORMER OPEA FAMILY, ex OPDE";;"https://i.ibb.co/gm9c3x5/no-image-icon-10.png"
"8101275";"Cmdr36";"Phak [ex-OMC]";"ArmiaKrajowa /AK_ACADEMY / PH FAMILY";"17";"NAP";"22/05/22";"Not on Discord";;;;;;"02/05/2022 00:00:00";"OMC - ArmiaKrajowa / THERE IS NO DATA ON ALLIES OR FAMILY / IT IS SUSPECTED TO BE A SvAK BUILDING ALLIANCE OR HER SECOND ALLIANCE.";;"https://i.ibb.co/gm9c3x5/no-image-icon-10.png"
"8104288";"大眼熊貓";"PHAK [ex-WD/L]";"ArmiaKraowa / FAMILY: PH FAMILY";"17";"NAP";"22/05/22";"Not on Discord";;;;;;"09/05/2022 00:00:00";"WD/L - LEGION / WD,SV COALITION / ALLIES:WD FAMILY, AAA, SVWO, Ashy / SMALL ALLIANCE WITHOUT PREVIOUS DATA ABOUT ITS PLAYERS";;"https://i.ibb.co/gm9c3x5/no-image-icon-10.png"
"8104526";"4LF4TURK";"Phak [ex-OMC]";"ArmiaKrajowa /AK_ACADEMY / PH FAMILY";"17";"NAP";"22/05/22";"Not on Discord";;;;;;"02/05/2022 00:00:00";"OMC - ArmiaKrajowa / THERE IS NO DATA ON ALLIES OR FAMILY / IT IS SUSPECTED TO BE A SvAK BUILDING ALLIANCE OR HER SECOND ALLIANCE.";;"https://i.ibb.co/gm9c3x5/no-image-icon-10.png"
"8108249";"aanndrrees";"PHAK [ex-WDWw]";"ArmiaKraowa / FAMILY: PH FAMILY";"17";"NAP";"22/05/22";"Not on Discord";;;;;;"07/05/2022 00:00:00";"WDWw - WodinsWarriors / ALLIES: WDCG, WDW2, WDW3, WDTR, FWrr, PACB, 101a, 101D, ASGARD, P2W, SNOW, GOP, WDw8, WDw9";;"https://i.ibb.co/gm9c3x5/no-image-icon-10.png"
"8109183";"MagadaLena";"PHAK";"ArmiaKrajowa / PH FAMILY / NO PRIOR DATA BEFORE THIS UPDATE";"17";"NAP";"22/05/22";"Not on Discord";;;;;;"10/05/2022 00:00:00";"*** ATTENTION *** NOTIFIED MUSC-minimie [ID 7674973], GAVE ITS CONFORMITY AND RESPONDS FOR THEM.-";"*** ATTENTION *** NOTIFIED MUSC-minimie [ID 7674973], GAVE ITS CONFORMITY AND RESPONDS FOR THEM.-";"https://i.ibb.co/gm9c3x5/no-image-icon-10.png"
"8109279";"Kornelitto1985";"PhaK [R4]";"PHAK / PH FAMILY - - FILLER ALLIANCE FOR PHAK ALLIANCE - - / PHAK-EA /";"17";"NAP";"22/05/22";"Not on Discord";;;;;;"02/05/2022 00:00:00";;"NO PRIOR DATA BEFORE THIS UPDATE";"https://i.ibb.co/gm9c3x5/no-image-icon-10.png"
"8114645";"SergeantPred";"Phak";"PHAK / PH FAMILY - - FILLER ALLIANCE FOR PHAK ALLIANCE - - / PHAK-EA /";"17";"NAP";"22/05/22";"Not on Discord";;;;;;"02/05/2022 00:00:00";;"NO PRIOR DATA BEFORE THIS UPDATE";"https://i.ibb.co/gm9c3x5/no-image-icon-10.png"
"8114814";"فياض1990";"PHAK [ex-WDEA/OPEA]";"ArmiaKrajowa / PH FAMILY /";"17";"NAP";"22/05/22";"Not on Discord";;;;;;"09/05/2022 00:00:00";"WDEA [ex-OPEA] - European_Army / FAMILY: WD FAMILY / FORMER OPEA FAMILY, ex OPDE";"CHANGE HIS NAME TO ""Faiyadh93""";"https://i.ibb.co/gm9c3x5/no-image-icon-10.png"
"8115861";"J@mesBond";"PHAK [ex-OP-1]";"ArmiaKraowa / FAMILY: PH FAMILY";"17";"NAP";"25/5/2022 @ ";"JamesB#3181";"Florence Arms Minister";"PHAK / EA";;;;"02/05/2022 00:00:00";"PHAK / R2 - PHAK - PH Family / PH Family Coalition - Allies";;"https://i.ibb.co/gm9c3x5/no-image-icon-10.png"
"8118762";"stefi11";"PHAK [ex-WDEA /OPEA]";"ArmiaKrajowa / PH FAMILY /";"17";"NAP";"22/05/22";"Not on Discord";;;;;;"09/05/2022 00:00:00";"WDEA [ex-OPEA] - European_Army / FAMILY: WD FAMILY / FORMER OPEA FAMILY, ex OPDE";;"https://i.ibb.co/gm9c3x5/no-image-icon-10.png"
"8122396";"Krzysiek1916";"Phak [ex-OMC]";"ArmiaKrajowa /AK_ACADEMY / PH FAMILY";"17";"NAP";"22/05/22";"Not on Discord";;;;;;"02/05/2022 00:00:00";"OMC - ArmiaKrajowa / THERE IS NO DATA ON ALLIES OR FAMILY / IT IS SUSPECTED TO BE A SvAK BUILDING ALLIANCE OR HER SECOND ALLIANCE.";;"https://i.ibb.co/gm9c3x5/no-image-icon-10.png"
"8127593";"Bobbelsche";"PHAK [ex-WDEA/OPEA][R4]";"ArmiaKraowa / FAMILY: PH FAMILY";"17";"NAP";"22/05/22";"Not on Discord";"Plymouth Arms Minister";;;;;"30/04/2022 00:00:00";"Bobbel_AK - PHAK / R3 - PHAK - PH Family / PH Family Coalition - Allies";"CHANGE HIS NAME TO ""Bobbel_AK""";"https://i.ibb.co/gm9c3x5/no-image-icon-10.png"
"8128012";"MegaRattle";"Phak";"PHAK / PH FAMILY - - FILLER ALLIANCE FOR PHAK ALLIANCE - - / PHAK-EA /";"17";"NAP";"22/05/22";"Not on Discord";;;;;;"02/05/2022 00:00:00";;"NO PRIOR DATA BEFORE THIS UPDATE";"https://i.ibb.co/gm9c3x5/no-image-icon-10.png"
"8128119";"Panther987";"PHAK [ex-OPSA]";"ArmiaKrajowa / PH FAMILY /";"17";"NAP";"22/05/22";"Not on Discord";;;;;;"09/05/2022 00:00:00";"OPSA [R4] - FIRE / FAMILY: OP / OP-1 SECONDARY ALLIANCE / ALLIES: SPO, VNDP, UN";;"https://i.ibb.co/gm9c3x5/no-image-icon-10.png"
"8137349";"RAF78";"Phak [ex-OMC]";"ArmiaKrajowa /AK_ACADEMY / PH FAMILY";"17";"NAP";"22/05/22";"Not on Discord";;;;;;"02/05/2022 00:00:00";"OMC - ArmiaKrajowa / THERE IS NO DATA ON ALLIES OR FAMILY / IT IS SUSPECTED TO BE A SvAK BUILDING ALLIANCE OR HER SECOND ALLIANCE.";;"https://i.ibb.co/gm9c3x5/no-image-icon-10.png"
"8144064";"Gebson";"PHAK [ex-OP-1]";"ArmiaKraowa / FAMILY: PH FAMILY";"17";"NAP";"22/05/22";"Not on Discord";"Krakow Building Minister";;;;;"30/04/2022 00:00:00";"PHAK / R3 - PHAK - PH Family / PH Family Coalition - Allies";;"https://i.ibb.co/gm9c3x5/no-image-icon-10.png"
"8144183";"Captainchaos1";"PHAK [ex-~DS~/WDSY/OPAS/SYN]";"ArmiaKrajowa / PH FAMILY /";"17";"NAP";"22/05/22";"Not on Discord";;;;;;"08/05/2022 00:00:00";"~DS~ [ex-WDSY/OPAS/SYN] - HitSquad / PH FAMILY /";;"https://i.ibb.co/gm9c3x5/no-image-icon-10.png"
"8262365";"Bullweih";"PHAK [ex-WDEA/OPEA]";"ArmiaKrajowa / PH FAMILY /";"17";"NAP";"22/05/22";"Not on Discord";;;;;;"09/05/2022 00:00:00";"WDEA [ex-OPEA] - European_Army / FAMILY: WD FAMILY / FORMER OPEA FAMILY, ex OPDE";;"https://i.ibb.co/gm9c3x5/no-image-icon-10.png"
"8643173";"CmdrGroot";"PHAK [ex-ANGELS]";"ArmiaKrajowa / PH FAMILY /";"17";"NAP";"22/05/22";"Not on Discord";;;;;;"09/05/2022 00:00:00";"ANGELS - ANGELS PLAYER ORIGINALLY";;"https://i.ibb.co/gm9c3x5/no-image-icon-10.png"
"8702342";"HansAK";"PHAK [ex-SVWO/AK69][R4]";"A-TEAM / [FAMILY] PH-BE4R-PHAK [ALLIES] BERX-AAA1-AAA5-AAA6-AAA7-ASHY-#WAR";"17";"NAP";"22/05/22";"Not on Discord";"Warsaw Arms Minister";;;;;"02/06/2022 00:00:00";"PHAK / R4 - PHAK - PH Family / PH Family Coalition - Allies - HansAK - PHAK [ex-SVWO/AK69][R4] - ArmiaKrajowa / PH FAMILY /";;"https://i.ibb.co/gm9c3x5/no-image-icon-10.png"
"8715196";"Kropeczka-PL";"PHAK [ex-AK69][R4]";"ArmiaKrajowa / PH FAMILY / ALLIES: AAA, BE4R";"17";"NAP";"22/05/22";"Not on Discord";;;;;;;;;"https://i.ibb.co/gm9c3x5/no-image-icon-10.png"
"8749633";"Sanqi";"Phak";"PHAK / PH FAMILY - - FILLER ALLIANCE FOR PHAK ALLIANCE - - / PHAK-EA /";"17";"NAP";"22/05/22";"Not on Discord";;;;;;"02/05/2022 00:00:00";;"NO PRIOR DATA BEFORE THIS UPDATE";"https://i.ibb.co/gm9c3x5/no-image-icon-10.png"
"8840670";"Sandra.";"PHAK [ex-AK69]";"ArmiaKrajowa / PH FAMILY /";"19";"NAP";"22/05/22";"Not on Discord";;;;;;"08/05/2022 00:00:00";"AK69 - ArmiaKrajowa / FAMILY: 69 FAMILY / ALLIES:DA FAMILY,UN FAMILY / SUB ALLIANCE:@POL";;"https://i.ibb.co/gm9c3x5/no-image-icon-10.png"
"8914952";"Gregory91";"PHAK [ex-SVWO/AK69][R4]";"ArmiaKrajowa / PH FAMILY / ALLIES: AAA, BE4R";"17";"NAP";"22/05/22";"Not on Discord";;;;;;;;;"https://i.ibb.co/gm9c3x5/no-image-icon-10.png"
"8915020";"grek40";"PHAK [ex-BW69]";"ArmiaKrajowa / PH FAMILY / ";"17";"NAP";"22/05/22";"Not on Discord";;;;;;"01/05/2022 00:00:00";"grek40_AK - PhAK - PHAK / PH FAMILY - - FILLER ALLIANCE FOR PHAK ALLIANCE - - / PHAK-EA /";"NO PRIOR DATA BEFORE THIS UPDATE";"https://i.ibb.co/gm9c3x5/no-image-icon-10.png"
"8917698";"Zukol";"PHAK [ex-AK69][R4]";"ArmiaKrajowa / PH FAMILY / ";"17";"NAP";"30/5/2022 @ ";"Żukol#4460";"Copenhagen Vice Resource Minister";"PHAK / Armia Krajowa -AK-";;;;;"KSiEGOWY#GROM#AK - PHAK / R4 - PHAK - PH Family / PH Family Coalition - AlliesZuKoL*AK* - SVWO - Brotherhood / FAMILY: ALL SVS / ACADEMY: SVwo";;"https://i.ibb.co/gm9c3x5/no-image-icon-10.png"
"8927676";"SilverMoon";"PHaK";"PHAK / PH FAMILY - - FILLER ALLIANCE FOR PHAK ALLIANCE - - / PHAK-EA /";"17";"NAP";"22/05/22";"Not on Discord";;;;;;"30/04/2022 00:00:00";;"NO PRIOR DATA BEFORE THIS UPDATE";"https://i.ibb.co/gm9c3x5/no-image-icon-10.png"
"8939082";"CzesiuFarmer";"Phak [ex-PHAK/AK69]";"ArmiaKrajowa /AK_ACADEMY / PH FAMILY";"17";"NAP";"22/05/22";"Not on Discord";;;;;;"02/05/2022 00:00:00";"PHAK [ex-AK69] - ArmiaKrajowa / PH FAMILY / ALLIES: AAA, BE4R";;"https://i.ibb.co/gm9c3x5/no-image-icon-10.png"
"8958952";"Bonus.";"PHAK [ex-AK69][R4]";"ArmiaKrajowa / PH FAMILY / ";"17";"NAP";"22/05/22";"Not on Discord";;;;;;"30/04/2022 00:00:00";"Bonus_AK - PHaK [R4] - PHAK / PH FAMILY - - FILLER ALLIANCE FOR PHAK ALLIANCE - - / PHAK-EA /";"NO PRIOR DATA BEFORE THIS UPDATE";"https://i.ibb.co/gm9c3x5/no-image-icon-10.png"
"8959998";"PresidentAK";"PHAK [ex-SVWO/AK69][R4]";"ArmiaKrajowa / PH FAMILY /";"17";"NAP";"23/5/2022 @ ";"PresidentAK#4161";"Warsaw Dep Supreme Commander";"PHAK / Armia Krajowa -AK-";;;;"01/05/2022 00:00:00";"w0it_GromHilda - PHAK / R3 - PHAK - PH Family / PH Family Coalition - Allies";"CHANGE HIS NAME TO ""w0it_AK""";"https://i.ibb.co/gm9c3x5/no-image-icon-10.png"
"8982439";"JB123";"PHAK [ex-OPEA][R4]";"ArmiaKrajowa / PH FAMILY /";"17";"NAP";"19/6/2022 @ 9:11:9";"JB123#4436";"Bristol Dep Supreme Commander";"PHAK / EA";;;;"30/04/2022 00:00";"PHAK / R4 - PHAK - PH Family / PH Family Coalition - Allies";;"https://media.giphy.com/media/EKDGlXqALQUOQ/giphy.gif"
"8987105";"Buhhh-AK-";"PHAK [ex-SVWO/AK69][R5]";"ArmiaKrajowa / PH FAMILY /";"17";"NAP";"14/6/2022 @ ";"NaBUHodomozor#5004";"Warsaw Supreme Commander";"PHAK / Armia Krajowa -AK-";;;;"30/04/2022 00:00:00";"NaBUHodomozor#AK - PHAK / R5 - PHAK - PH Family / PH Family Coalition - Allies";"CHANGE HIS NAME TO ""NaBUHodomozor#AK""";"https://i.ibb.co/gm9c3x5/no-image-icon-10.png"
"8990975";"Camaro72";"PHAK [ex-AK69]";"ArmiaKrajowa / PH FAMILY / ALLIES: AAA, BE4R";"17";"NAP";"22/05/22";"Not on Discord";;;;;;;" - Camaro_AK - 6GG - POLISH SPEAKING OR FLAG ALLIANCE / SVAK FAMILY";;"https://i.ibb.co/gm9c3x5/no-image-icon-10.png"
"8997006";"wred";"PHAK [ex-AK69]";"ArmiaKrajowa / PH FAMILY /";"17";"NAP";"22/05/22";"Not on Discord";;;;;;"09/05/2022 00:00:00";"PHAK [ex-AK69] - ArmiaKrajowa / PH FAMILY / ALLIES: AAA, BE4R";;"https://i.ibb.co/gm9c3x5/no-image-icon-10.png"
"9019456";"Tommio";"PHAK [ex-AK69]";"ArmiaKrajowa / PH FAMILY / ALLIES: AAA, BE4R";"17";"NAP";"22/05/22";"Not on Discord";;;;;;;;;"https://i.ibb.co/gm9c3x5/no-image-icon-10.png"
"9047212";"Lesiugda";"PHAK [ex-AIC]";"ArmiaKrajowa / PH FAMILY / ";"17";"NAP";"6/6/2022 @ 1";"Lesiugda#9038";;"PHAK / Armia Krajowa -AK-";;;;;" - Lesiugda_%%AK%% - 6GG - POLISH SPEAKING OR FLAG ALLIANCE / SVAK FAMILY";;"https://i.ibb.co/gm9c3x5/no-image-icon-10.png"
"9057699";"Cichy_Zabójca";"PHAK [ex-AK69]";"ArmiaKrajowa / PH FAMILY / ALLIES: AAA, BE4R";"17";"NAP";"22/05/22";"Not on Discord";;;;;;;" - _Abrakadabra_AK - SVWO - Brotherhood / FAMILY: ALL SVS / ACADEMY: SVwo";;"https://i.ibb.co/gm9c3x5/no-image-icon-10.png"
"9057788";"cmdr77";"PHAK [ex-AK69]";"ArmiaKrajowa / PH FAMILY /";"17";"NAP";"22/05/22";"Not on Discord";"Riga Vice Resource Minister";;;;;"02/05/2022 00:00:00";"GROM_cmdr77_AK - PHAK / R2 - PHAK - PH Family / PH Family Coalition - Allies";"CHANGE HIS NAME TO ""GROM_cmdr77_AK""";"https://i.ibb.co/gm9c3x5/no-image-icon-10.png"
"9094322";"Terminator420";"PHaK";"PHAK / PH FAMILY - - FILLER ALLIANCE FOR PHAK ALLIANCE - - / PHAK-EA /";"17";"NAP";"22/05/22";"Not on Discord";;;;;;"30/04/2022 00:00:00";;"NO PRIOR DATA BEFORE THIS UPDATE";"https://i.ibb.co/gm9c3x5/no-image-icon-10.png"
"9098838";"TuranPL";"Phak [ex-PHAK/AK69]";"ArmiaKrajowa /AK_ACADEMY / PH FAMILY";"19";"NAP";"22/05/22";"Not on Discord";;;;;;;" - Turan-AK-PL - SVWO - Brotherhood / FAMILY: ALL SVS / ACADEMY: SVwo";;"https://i.ibb.co/gm9c3x5/no-image-icon-10.png"
"9135878";"zbujnik14";"PHAK [ex-AK69]";"ArmiaKrajowa / PH FAMILY /";"19";"NAP";"22/05/22";"Not on Discord";;;;;;"08-045-2022";"AK69 - ArmiaKrajowa / FAMILY: 69 FAMILY / ALLIES:DA FAMILY,UN FAMILY / SUB ALLIANCE:@POL";;"https://i.ibb.co/gm9c3x5/no-image-icon-10.png"
"9161567";"najemnik";"PHAK [ex-AK69]";"ArmiaKrajowa / PH FAMILY /";"17";"NAP";"22/05/22";"Not on Discord";;;;;;"09/05/2022 00:00:00";"PHAK [ex-AK69] - ArmiaKrajowa / PH FAMILY / ALLIES: AAA, BE4R";;"https://i.ibb.co/gm9c3x5/no-image-icon-10.png"
"9168969";"ErykooAK";"PHAK [ex-SVWO/AK69][R4]";"ArmiaKrajowa / PH FAMILY /";"17";"NAP";"22/05/22";"Not on Discord";"Brussels Defense Minister";;;;;"30/04/2022 00:00:00";"Erykoo(GROM)AK - PHAK / R4 - PHAK - PH Family / PH Family Coalition - Allies";"CHANGE HIS NAME TO ""Erykoo(GROM)AK""";"https://i.ibb.co/gm9c3x5/no-image-icon-10.png"
"9180863";"*Kenzo*AK*";"PHAK [ex-SVWO/AK69][R4]";"ArmiaKrajowa / PH FAMILY /";"17";"NAP";"22/05/22";"Not on Discord";"Brussels Dep Supreme Commander";;;;;"30/04/2022 00:00:00";"*Kenzo*AK*(GROM) - PHAK / R3 - PHAK - PH Family / PH Family Coalition - Allies";"CHANGE HIS NAME TO ""*Kenzo*AK*(GROM)""";"https://i.ibb.co/gm9c3x5/no-image-icon-10.png"
"9257773";"HolzhackerV2";"phak [ex-EA59]";"WDEA / FILLER ALLIANCE WDEA";"17";"NAP";"22/05/22";"Not on Discord";;;;;;"30/04/2022 00:00:00";"EA59 - WDEA / FILLER ALLIANCE WDEA";;"https://i.ibb.co/gm9c3x5/no-image-icon-10.png"
"9342975";"Venom72";"PHAK [ex-AK69]";"ArmiaKrajowa / PH FAMILY / ALLIES: AAA, BE4R";"17";"NAP";"22/05/22";"Not on Discord";;;;;;;;;"https://i.ibb.co/gm9c3x5/no-image-icon-10.png"
"9365922";"Tonidue";"phak";"PHAK / PH FAMILY - - FILLER ALLIANCE FOR PHAK ALLIANCE - - / PHAK-EA /";"17";"NAP";"22/05/22";"Not on Discord";;;;;;"30/04/2022 00:00:00";;"NO PRIOR DATA BEFORE THIS UPDATE";"https://i.ibb.co/gm9c3x5/no-image-icon-10.png"
"9499292";"MoC";"PHAK [ex-~DS~/SVUF]";"ArmiaKrajowa / PH FAMILY";"17";"NAP";"22/05/22";"Not on Discord";;;;;;"09/05/2022 00:00:00";"~DS~ [ex-SVUF] - HitSquad / PH FAMILY /";;"https://i.ibb.co/gm9c3x5/no-image-icon-10.png"
"9653789";"Eisenmangel";"PhAK";"PHAK / PH FAMILY - - FILLER ALLIANCE FOR PHAK ALLIANCE - - / PHAK-EA /";"17";"NAP";"22/05/22";"Not on Discord";;;;;;"01/05/2022 00:00:00";;"NO PRIOR DATA BEFORE THIS UPDATE";"https://i.ibb.co/gm9c3x5/no-image-icon-10.png"
"9677763";"Cichociemny1100";"Phak [ex-OMC]";"ArmiaKrajowa /AK_ACADEMY / PH FAMILY";"17";"NAP";"22/05/22";"Not on Discord";;;;;;"02/05/2022 00:00:00";"OMC - ArmiaKrajowa / THERE IS NO DATA ON ALLIES OR FAMILY / IT IS SUSPECTED TO BE A SvAK BUILDING ALLIANCE OR HER SECOND ALLIANCE.";;"https://i.ibb.co/gm9c3x5/no-image-icon-10.png"
"9690908";"LoNe";"PHAK [ex-WDEA [ex-WDWw]";"ArmiaKraowa / FAMILY: PH FAMILY";"17";"NAP";"22/05/22";"Not on Discord";;;;;;"07/05/2022 00:00:00";"WDEA [ex-WDWw] - European_Army / SUPPOSED ALLY OF WD";;"https://i.ibb.co/gm9c3x5/no-image-icon-10.png"
"9835225";"Serkan1";"PHAK [ex-WDEA/OPEA]";"ArmiaKrajowa / PH FAMILY /";"17";"NAP";"22/05/22";"Not on Discord";;;;;;"09/05/2022 00:00:00";"WDEA [ex-OPEA] - European_Army / FAMILY: WD FAMILY / FORMER OPEA FAMILY, ex OPDE";;"https://i.ibb.co/gm9c3x5/no-image-icon-10.png"
"9874257";"Mr.CherrySen.";"phak";"PHAK / PH FAMILY - - FILLER ALLIANCE FOR PHAK ALLIANCE - - / PHAK-EA /";"17";"NAP";"22/05/22";"Not on Discord";;;;;;"30/04/2022 00:00:00";;"NO PRIOR DATA BEFORE THIS UPDATE";"https://i.ibb.co/gm9c3x5/no-image-icon-10.png"
"9938781";"Sahnigreinlöten";"phak [ex-WDEA/op29/OPEA]";"WDEA FILLING ALLIANCE";"17";"NAP";"22/05/22";"Not on Discord";;;;;;"30/04/2022 00:00:00";"WDEA [ex-(op29) OPEA] - WDEA FILLING ALLIANCE";;"https://i.ibb.co/gm9c3x5/no-image-icon-10.png"
